shortCode,hashtags,timestamp
DLjvHQ1oqpk,"toonybeauty,portsmouthhairsalon,spadayportsmouth,waxingsouthsea,portsmouthmassage,southseasalon,southseaportsmouth,portsmouthbeautysalon,portsmouthnails,southseanails,elmgrovesouthsea,albertroadsouthsea,makeupbytoony,southsea,commercialroadportsmouth,dior,Charlottetilbury,tomford,maccosmetics,southseamakeupartist,portsmouthwedding,makeupartistportsmouth,portsmouthmakeupartist,prommakeuplooks,prommakeup",2025-07-01T08:25:08.000Z
DLjvAT1BHJl,"LVMHé›†åœ˜æˆæ¬ŠDIORå°ˆè³£åº—,è³¼è²·å³ç™»éŒ„è¨»å†Šå…©å¹´ä¿å›º,DIOR,DIOREYEWEAR,DIORSUNGLASSES,DiorMiniCDR7F,MiniCDR7F,MiniCD,DIORå¢¨é¡,DIORå¤ªé™½çœ¼é¡,DIORçœ¼é¡,DIORå…‰å­¸çœ¼é¡,å±æ±çœ¼é¡,å±æ±çœ¼é¡è¡Œ,å±æ±çœ¼é¡åº—,å±æ±ç²¾å“çœ¼é¡åº—,å±æ±ç²¾å“çœ¼é¡è¡Œ,å±æ±ç²¾å“çœ¼é¡,å±æ±æ¨è–¦çœ¼é¡è¡Œ,å±æ±è”¡å¸å„ªè¦–åŠ›å°ˆå®¶,è”¡å¸å„ªè¦–åŠ›å°ˆå®¶,è”¡å¸å‰å°æ³¢,å‰å°æ³¢é¡ç‰‡",2025-07-01T08:24:11.000Z
DLju-zIBtZd,"LVMHé›†åœ˜æˆæ¬ŠDIORå°ˆè³£åº—,è³¼è²·å³ç™»éŒ„è¨»å†Šå…©å¹´ä¿å›º,DIOR,DIOREYEWEAR,DIORSUNGLASSES,DiorMiniCDR7F,MiniCDR7F,MiniCD,DIORå¢¨é¡,DIORå¤ªé™½çœ¼é¡,DIORçœ¼é¡,DIORå…‰å­¸çœ¼é¡,å±æ±çœ¼é¡,å±æ±çœ¼é¡è¡Œ,å±æ±çœ¼é¡åº—,å±æ±ç²¾å“çœ¼é¡åº—,å±æ±ç²¾å“çœ¼é¡è¡Œ,å±æ±ç²¾å“çœ¼é¡,å±æ±æ¨è–¦çœ¼é¡è¡Œ,å±æ±è”¡å¸å„ªè¦–åŠ›å°ˆå®¶,è”¡å¸å„ªè¦–åŠ›å°ˆå®¶,è”¡å¸å‰å°æ³¢,å‰å°æ³¢é¡ç‰‡",2025-07-01T08:23:59.000Z
DLju74HyIdX,"silkstone,Silkstonebarbie,bjd,dolldress,bjddress,silkstonedoll,silkstonebarbies,silkstonecollector,dollcouture,dollphotography,dollpotography,dollfashion,dollfashionstyle,miniature,handmadedoll,handmadedolls,handmadedollclothes,poppyparker,poppyparkerdoll,ooakdoll,ooakdolls,ooakdollsbydesign,barbiesilkstone,barbieofinstagram,barbie,barbiedoll,barbiedolls,dior,lisa,popovydolls",2025-07-01T08:23:35.000Z
DLju7qYoSub,"Ø´Ø§Ù„,Ø±ÙˆØ³Ø±ÛŒ,Ø´Ø§Ù„_Ø¨Ø±Ø´Ú©Ø§_ÙˆØ§Ø±Ø¯Ø§ØªÛŒ,Ø´Ø§Ù„_Ù…Ø¬Ù„Ø³ÛŒ,Ø±ÙˆØ³Ø±ÛŒ_Ù…Ø¬Ù„Ø³ÛŒ,Ú©Ù„Ø§Ù‡_Ù†Ù‚Ø§Ø¨Ø¯Ø§Ø±,Ø´Ù„ÙˆØ§Ø±Ú©_Ú©ØªØ§Ù†,Ø¨Ø§Ø¯ÛŒ_Ø¨Ú¯,Ø¬ÙˆØ±Ø§Ø¨_ÙØ§Ù†ØªØ²ÛŒ,Ø¨Ø§Ø¯ÛŒ_Ø§Ø³Ù¾Ù„Ø´,Ù…ÛŒÙ†ÛŒ_Ø§Ø³Ú©Ø§Ø±Ù,ØªØ±Ù†Ø¯,Ø§Ú©Ø³Ù¾Ù„ÙˆØ±,Û±Û´Û°Û´ğŸŒºğŸ˜ğŸŒˆ,dior",2025-07-01T08:23:33.000Z
DLju0D9h0jA,"LVMHé›†åœ˜æˆæ¬ŠDIORå°ˆè³£åº—,è³¼è²·å³ç™»éŒ„è¨»å†Šå…©å¹´ä¿å›º,DIOR,DIOREYEWEAR,DIORSUNGLASSES,DiorMiniCDR7F,MiniCDR7F,MiniCD,DIORå¢¨é¡,DIORå¤ªé™½çœ¼é¡,DIORçœ¼é¡,DIORå…‰å­¸çœ¼é¡,å±æ±çœ¼é¡,å±æ±çœ¼é¡è¡Œ,å±æ±çœ¼é¡åº—,å±æ±ç²¾å“çœ¼é¡åº—,å±æ±ç²¾å“çœ¼é¡è¡Œ,å±æ±ç²¾å“çœ¼é¡,å±æ±æ¨è–¦çœ¼é¡è¡Œ,å±æ±è”¡å¸å„ªè¦–åŠ›å°ˆå®¶,è”¡å¸å„ªè¦–åŠ›å°ˆå®¶,è”¡å¸å‰å°æ³¢,å‰å°æ³¢é¡ç‰‡",2025-07-01T08:22:31.000Z
DLjubxFonoe,"××•×¤× ×”,×¡×˜×™×™×œ,×˜×¨× ×“,×˜×¨× ×“×™×,×“×™×•×¨,×ª×™×§××¢×¦×‘×™×,×ª×™×§,××¢×¦×‘,××•×¤× ×ª× ×©×™×,fashion,fashionbag,trending,dior,ladydior",2025-07-01T08:19:12.000Z
DLjuZ1ZStLi,"osaka,expo,osakaexpo,kansai,france,germany,franceğŸ‡«ğŸ‡·,germanyğŸ‡©ğŸ‡ª,japan,å¤§é˜ªä¸‡åš,å¤§é˜ª,ãƒ•ãƒ©ãƒ³ã‚¹é¤¨,ãƒ‰ã‚¤ãƒ„é¤¨,ä¸‡åš,ãƒŸãƒ£ã‚¯ãƒŸãƒ£ã‚¯,ã‚¸ãƒ–ãƒª,ã‚‚ã®ã®ã‘å§«,ã‚¿ãƒšã‚¹ãƒˆãƒªãƒ¼,ãƒ«ã‚¤ãƒ´ã‚£ãƒˆãƒ³,ãƒ‰ã‚¤ãƒ„,ãƒ•ãƒ©ãƒ³ã‚¹,ãƒ‡ã‚£ã‚ªãƒ¼ãƒ«,louisvuitton,dior,ghibli",2025-07-01T08:18:56.000Z
DLjuVz4sT4t,"foryou,ledsign,illuminatedletters,decoration,advertisingsign,artwork,factorywork,trending,lcsign,dior",2025-07-01T08:18:23.000Z
DLjuVG6JVWw,"selfie,selca,daily,dailylook,ootd,follow,followme,á„‰á…¦á†¯á„‰á…³á„á…¡á„€á…³á„…á…¢á†·,á„‰á…¦á†¯á„‘á…µ,ì…€í”¼ìŠ¤íƒ€ê·¸ë¨,á„‰á…¦á†¯á„á…¡,ë™ëŒ€ë¬¸,ë™ëŒ€ë¬¸ì „ì‹œíšŒ,ddp,ddpì „ì‹œ,ddpì „ì‹œíšŒ,ì „ì‹œíšŒì¶”ì²œ,ì „ì‹œíšŒ,ë””ì˜¬ì „ì‹œíšŒ,ë””ì˜¬,dior,ë””ìì´ë„ˆì˜¤ë¸Œë“œë¦¼ìŠ¤,á„ƒá…¦á„‹á…µá†¯á„…á…µ,á„ƒá…¦á„‹á…µá†¯á„…á…µá„…á…®á†¨,ì˜¤ì˜¤í‹°ë””,á„‘á…¡á†¯á„…á…©á„‹á…®,á„Œá…©á‡‚á„‹á…¡á„‹á…­,á„Œá…©á‡‚á„‹á…¡á„‹á…­á„‡á…¡á†«á„‰á…¡",2025-07-01T08:18:17.000Z
DLjuVDKpiTJ,"graziamy,DiorSummer26,MileApoflytoDiorSummer26,MileApo,dior,mingyu,txtxDiorSummer26,lvmensss26,jacksonwang,ç‹å˜‰çˆ¾,ì­ìŠ¨,marktuan,yvessaintlaurent,saintlaurent,ysl,chaeunwoo,Fourth,lvss26xfourth,kimdoyeon,bambam,jhope,gongyoo,paris,parisfashionweek,pfw,ss26",2025-07-01T08:18:17.000Z
DLjuUfMTFsk,"ì••êµ¬ì •ë¡œë°ì˜¤,ëª…í’ˆì „ë¬¸,ëª…í’ˆìœ„íƒë§¤ì…,ë¼ìš´ì§€ì—˜,ì •í’ˆ,HERMES,CHANEL,Dior,Bvlgari,cartier,vancleefandarpels,chopard,rolex",2025-07-01T08:18:12.000Z
DLjuUV8xNGx,"dior,chanel,sephora,makeupforever,ABH,mac,vivacosmetics,lauramercier,tarte,fentybeuty,becca,katvond,estelauder,benefit,urbandecay,farsali,nars,muadharmasraya,muapadang,muasumbar,muasumaterabarat,muabungo,muajambi",2025-07-01T08:18:11.000Z
DLjuRDXuJhQ,"ë””ì˜¬ë¶€ì¸ ,ë””ì˜¬ìŠ¤ë‹ˆì»¤ì¦ˆì—¬ì,ë‚¨ìë””ì˜¬ìŠ¤ë‹ˆì»¤ì¦ˆ,ë””ì˜¬ë¡±ë¶€ì¸ ,ë””ì˜¬ì›¨ë”©ìŠˆì¦ˆ,ë””ì˜¬ìš´ë™í™”,ë””ì˜¬êµ¬ë‘,ë””ì˜¬ìš´ë™í™”ì¶”ì²œ,ë””ì˜¬êµ¬ë‘ì‹ ìƒ,ë””ì˜¬ìŠ¤ë‹ˆì»¤ì¦ˆ,DIOR,ë””ì˜¬ì‹ ë°œ,ìŠˆì¦ˆ,ë®¬,ë°ì¼ë¦¬ìŠˆì¦ˆ,ìŠˆìŠ¤íƒ€ê·¸ë¨,ìŠˆì¦ˆìŠ¤íƒ€ê·¸ë¨,ëª…í’ˆìŠ¤ë‹ˆì»¤ì¦ˆ",2025-07-01T08:17:44.000Z
DLjuHJ3xu-s,"ecogalleria,ecobotanic,roomnumber3jb,giveaway,giveawaycontest,giveawaytime,facial,manicure,pedicure,giftgiving,chanel,dior,ysl,crybaby,giftvoucher,instagift,instalike,girls",2025-07-01T08:16:23.000Z
DLjuB5jxPTf,"nctwish,yushi,ìœ ìš°ì‹œ,ãƒ¦ã‚¦ã‚·,dior,diormakeup",2025-07-01T08:15:40.000Z
DLjt-J8OaDw,"Dior,DiorDesignerofDreams,DiorSummer26,StarsinDior,ormkornnaphat",2025-07-01T08:15:09.000Z
DLjt97BC3Ti,"Dior,DiorDesignerofDreams,DiorSummer26,StarsinDior,ormkornnaphat",2025-07-01T08:15:08.000Z
DLjt9xfCP3u,"Dior,DiorDesignerofDreams,DiorSummer26,StarsinDior,ormkornnaphat",2025-07-01T08:15:08.000Z
DLjt9_vzut5,"Dior,DiorDesignerofDreams,DiorSummer26,StarsinDior,ormkornnaphat",2025-07-01T08:15:08.000Z
DLjt9p3KV6A,"Dior,DiorDesignerofDreams,DiorSummer26,StarsinDior,ormkornnaphat",2025-07-01T08:15:06.000Z
DLjt9uuBsIo,"Dior,DiorDesignerofDreams,DiorSummer26,StarsinDior,ormkornnaphat",2025-07-01T08:15:06.000Z
DLjt9ojCcU3,"Dior,DiorDesignerofDreams,DiorSummer26,StarsinDior,ormkornnaphat",2025-07-01T08:15:06.000Z
DLjt9fHyBpg,"Dior,DiorDesignerofDreams,DiorSummer26,StarsinDior,ormkornnaphat",2025-07-01T08:15:04.000Z
DLjt97_hZIJ,"Dior,DiorDesignerofDreams,DiorSummer26,StarsinDior,ormkornnaphat",2025-07-01T08:15:08.000Z
DLjt90bPBHv,"Dior,DiorDesignerofDreams,DiorSummer26,StarsinDior,ormkornnaphat",2025-07-01T08:15:07.000Z
DLjt9tXMTqN,"Dior,DiorDesignerofDreams,DiorSummer26,StarsinDior,ormkornnaphat",2025-07-01T08:15:06.000Z
DLjt9vAM5Ua,"Dior,DiorDesignerofDreams,DiorSummer26,StarsinDior,ormkornnaphat",2025-07-01T08:15:06.000Z
DLjt9r9N6K-,"Dior,DiorDesignerofDreams,DiorSummer26,StarsinDior,ormkornnaphat",2025-07-01T08:15:06.000Z
DLjt9o-vy5L,"Dior,DiorDesignerofDreams,DiorSummer26,StarsinDior,ormkornnaphat",2025-07-01T08:15:06.000Z
DLjt9vPSwTY,"Dior,DiorDesignerofDreams,DiorSummer26,StarsinDior,ormkornnaphat",2025-07-01T08:15:06.000Z
DLjt9mgsBeG,"Dior,DiorDesignerofDreams,DiorSummer26,StarsinDior,ormkornnaphat",2025-07-01T08:15:05.000Z
DLjt9o5PWMO,"Dior,DiorDesignerofDreams,DiorSummer26,StarsinDior,ormkornnaphat",2025-07-01T08:15:05.000Z
DLjt9oosy6g,"Dior,DiorDesignerofDreams,DiorSummer26,StarsinDior,ormkornnaphat",2025-07-01T08:15:05.000Z
DLjt9mBJj-_,"Dior,DiorDesignerofDreams,DiorSummer26,StarsinDior,ormkornnaphat",2025-07-01T08:15:05.000Z
DLjt9prJwDG,"Dior,DiorDesignerofDreams,DiorSummer26,StarsinDior,ormkornnaphat",2025-07-01T08:15:05.000Z
DLjt9nGpQnq,"Dior,DiorDesignerofDreams,DiorSummer26,StarsinDior,ormkornnaphat",2025-07-01T08:15:05.000Z
DLjt9est4Kj,"Dior,DiorDesignerofDreams,DiorSummer26,StarsinDior,ormkornnaphat",2025-07-01T08:15:04.000Z
DLjt9gtzIio,"Dior,DiorDesignerofDreams,DiorSummer26,StarsinDior,ormkornnaphat",2025-07-01T08:15:04.000Z
DLjt9ftJW2v,"Dior,DiorDesignerofDreams,DiorSummer26,StarsinDior,ormkornnaphat",2025-07-01T08:15:04.000Z
DLjt9gvM6bf,"Dior,DiorDesignerofDreams,DiorSummer26,StarsinDior,ormkornnaphat",2025-07-01T08:15:04.000Z
DLjt9drMHfv,"Dior,DiorDesignerofDreams,DiorSummer26,StarsinDior,ormkornnaphat",2025-07-01T08:15:04.000Z
DLjt9aptRm5,"Dior,DiorDesignerofDreams,DiorSummer26,StarsinDior,ormkornnaphat",2025-07-01T08:15:03.000Z
DLjt9WJvUo9,"Dior,DiorDesignerofDreams,DiorSummer26,StarsinDior,ormkornnaphat",2025-07-01T08:15:03.000Z
DLjtzSYPP1b,"æ—¥å¸¸,ãƒ©ã‚¤ãƒ–,ã‚¹ãƒˆ6,ã‚²ãƒ¼ãƒ ,ã‚«ãƒ¡ãƒ©å¥½ããªäººã¨ç¹‹ãŒã‚ŠãŸã„,ãƒ•ã‚¡ã‚¤ãƒ³ãƒ€ãƒ¼è¶Šã—ã®ç§ã®ä¸–ç•Œ,ã‚«ãƒ¡ãƒ©æ’®ã£ã¦ã‚‹äººã¨ç¹‹ãŒã‚ŠãŸã„,ãƒ‹ã‚³ãƒ³,ã‚«ãƒ¡ãƒ©,photo,å†™çœŸ,æ¸‹è°·,ãƒ•ã‚¡ãƒƒã‚·ãƒ§ãƒ³,DIOR,NIKE,ãƒ©ãƒ¼ãƒ¡ãƒ³,æ±äº¬,ä¸€çœ¼ãƒ¬ãƒ•,æ—…è¡Œ,æ•£æ­©,ãƒ‰ã‚½ãƒ³,ãƒ‡ã‚£ãƒƒãƒ—ãƒ†ã‚£ãƒƒã‚¯",2025-07-01T08:13:40.000Z
DLjtvPZqyaC,"Dior,DiorDesignerofDreams,DiorSummer26,StarsinDior,ormkornnaphat",2025-07-01T08:13:08.000Z
DLjtvTIO0Pw,"Dior,DiorDesignerofDreams,DiorSummer26,StarsinDior,ormkornnaphat",2025-07-01T08:13:08.000Z
DLjtvXlJ1Rx,"Dior,DiorDesignerofDreams,DiorSummer26,StarsinDior,ormkornnaphat",2025-07-01T08:13:08.000Z
DLjtvGgK8ZG,"Dior,DiorDesignerofDreams,DiorSummer26,StarsinDior,ormkornnaphat",2025-07-01T08:13:07.000Z
DLjtvLhK7FI,"Dior,DiorDesignerofDreams,DiorSummer26,StarsinDior,ormkornnaphat",2025-07-01T08:13:07.000Z
DLjtvEDKX9f,"Dior,DiorDesignerofDreams,DiorSummer26,StarsinDior,ormkornnaphat",2025-07-01T08:13:06.000Z
DLjtvOEs8oi,"Dior,DiorDesignerofDreams,DiorSummer26,StarsinDior,ormkornnaphat",2025-07-01T08:13:07.000Z
DLjtvJYvPUv,"Dior,DiorDesignerofDreams,DiorSummer26,StarsinDior,ormkornnaphat",2025-07-01T08:13:07.000Z
DLjtvBFKSWC,"Dior,DiorDesignerofDreams,DiorSummer26,StarsinDior,ormkornnaphat",2025-07-01T08:13:06.000Z
DLjtvC1saVD,"Dior,DiorDesignerofDreams,DiorSummer26,StarsinDior,ormkornnaphat",2025-07-01T08:13:06.000Z
DLjtvDqvhPL,"Dior,DiorDesignerofDreams,DiorSummer26,StarsinDior,ormkornnaphat",2025-07-01T08:13:06.000Z
DLjtvJUsDbX,"Dior,DiorDesignerofDreams,DiorSummer26,StarsinDior,ormkornnaphat",2025-07-01T08:13:06.000Z
DLjtvFOMwjk,"Dior,DiorDesignerofDreams,DiorSummer26,StarsinDior,ormkornnaphat",2025-07-01T08:13:06.000Z
DLjtvBzsFt_,"Dior,DiorDesignerofDreams,DiorSummer26,StarsinDior,ormkornnaphat",2025-07-01T08:13:05.000Z
DLjtu-HNxm8,"Dior,DiorDesignerofDreams,DiorSummer26,StarsinDior,ormkornnaphat",2025-07-01T08:13:05.000Z
DLjtu-LSTXC,"Dior,DiorDesignerofDreams,DiorSummer26,StarsinDior,ormkornnaphat",2025-07-01T08:13:05.000Z
DLjtvAQRVPK,"Dior,DiorDesignerofDreams,DiorSummer26,StarsinDior,ormkornnaphat",2025-07-01T08:13:05.000Z
DLjtu-1TMlU,"Dior,DiorDesignerofDreams,DiorSummer26,StarsinDior,ormkornnaphat",2025-07-01T08:13:05.000Z
DLjtu_oP_Pz,"Dior,DiorDesignerofDreams,DiorSummer26,StarsinDior,ormkornnaphat",2025-07-01T08:13:05.000Z
DLjtu0hPrAF,"Dior,DiorDesignerofDreams,DiorSummer26,StarsinDior,ormkornnaphat",2025-07-01T08:13:04.000Z
DLjtu4GIM1X,"Dior,DiorDesignerofDreams,DiorSummer26,StarsinDior,ormkornnaphat",2025-07-01T08:13:04.000Z
DLjttBZCKip,"italy,lakecomo,como,holiday,villadeste,travel,viral,lifestyle,dior,keÅŸfet,reklam,Ã¶neri,trend,popular,luxury,restaurante,luxuryhotel,italia,keÅŸfetteyiz,fashion,stylish",2025-07-01T08:12:49.000Z
DLjtqYkyhMB,"dior,givenchy",2025-07-01T08:12:27.000Z
DLjtqESC6io,,2025-07-01T08:12:24.000Z
DLjthkwS6sq,"dior,jonathananderson,å–œæ­¡å–œæ­¡",2025-07-01T08:11:15.000Z
DLjtd46oDbO,"seungjuuuuuuu,dior,pfw,paris,photo,fashion,fyp",2025-07-01T08:10:45.000Z
DLjtazxtIks,"DiorSummer26,Dior,ãƒ‡ã‚£ã‚ªãƒ¼ãƒ«,jonathananderson,pfw,paris,fashionshow,fashion,fashionweek,ãƒ•ã‚¡ãƒƒã‚·ãƒ§ãƒ³ã‚·ãƒ§ãƒ¼,2026SS,2026æ˜¥å¤,ãƒ‘ãƒªã‚³ãƒ¬",2025-07-01T08:10:22.000Z
DLjtWHLyekb,"love,fyp,dior,handbags,fashion,fashionblog,blogger,ootd,mixaandmatch",2025-07-01T08:09:41.000Z
DLjtE0TTK2E,"VOUGE,Dior,mikinakatani,KUTANI,mariyoshimura,ãƒ´ã‚©ãƒ¼ã‚°,ãƒ‡ã‚£ã‚ªãƒ¼ãƒ«,ä¸­è°·ç¾ç´€,èµ¤çµµç´°æ,æœ±æ³¡ç´°æ,å‰æ‘èŒ‰è‰,pr",2025-07-01T08:07:19.000Z
DLjtDKCJ3PT,"Dior,DiorDesignerofDreams,DiorSummer26,StarsinDior,ormkornnaphat",2025-07-01T08:07:07.000Z
DLjsvXqJheh,"èª•ç”Ÿæ—¥,ãƒ—ãƒ¬ã‚¼ãƒ³ãƒˆã‚ã‚ŠãŒã¨ã†,è·å ´ã®ä»²é–“,å¨˜ã‹ã‚‰,Dior,ReFa,åå‰å…¥ãŠç®¸,SNOOPY,æ„Ÿè¬",2025-07-01T08:04:24.000Z
DLjsr4VtbBg,"dior,diorcruiseshow,rome,backstage,bts,Thankyou,DiorCruise",2025-07-01T08:03:55.000Z
DLjshy0RPCg,"dior,è€èŠ±,è’™ç”°åŒ…,dioræ¨è–¦,ç²¾å“ä»£è³¼,ç²¾å“å¥½è©•æ¨è–¦",2025-07-01T08:02:32.000Z
DLjsXa0MBUX,"christiandior,dior,maisondiorgranville,mode,engrais,jjavel,jardÃ­n",2025-07-01T08:01:07.000Z
DLjsVEaR8ib,"kings17,mas24karat,jualan,kalung,kalungemas,perhiasan,tokoemas,necklace,liontin,gelang,gelangkeroncong,rosegold,dior,liontindior,ubs,logammulia,antam,ubsgold,indonesiajewelry,like4like,instajewelry,followme,followforfollow,igers,instalike",2025-07-01T08:00:51.000Z
DLjr5ZJK9tj,,2025-07-01T07:57:01.000Z
DLjr5FrzHEB,"Dior,ãƒ‡ã‚£ã‚ªãƒ¼ãƒ«ã‚³ã‚¹ãƒ¡,ã‚°ãƒ­ã‚¦ãƒ«ãƒŸãƒŠã‚¤ã‚¶ãƒ¼,ãƒ‡ãƒ‘ã‚³ã‚¹,æ–°ä½œã‚³ã‚¹ãƒ¡,é™å®šã‚³ã‚¹ãƒ¡,ãƒ‡ã‚£ã‚ªãƒ¼ãƒ«ã‚¹ã‚­ãƒ³ãƒ•ã‚©ãƒ¼ã‚¨ãƒ´ã‚¡ãƒ¼ã‚°ãƒ­ã‚¦",2025-07-01T07:56:59.000Z
DLjryxWOHBY,"diorsummer26,howl,howlkex,gucci,cartier,magazine,wkorea,bazzar,vogue,fashion,fashionstyle,fashionista,model,modeling,shootingphoto,explorar,explorepage,shoothing,models,modellife,fasionista,fashionblogger,harperbazaar,dior,tiktok,tranding,trandingreels,tiktoktrends,mydarkhowl,diorsummer26xapo",2025-07-01T07:56:07.000Z
DLjrvYjsrMI,"bijuteriaatacado,bayan,kadÄ±n,gÃ¶zlÃ¼k,kÄ±lÄ±f,maÄŸza,gucci,dior,armonÃ­a,italy,kÄ±zlar,yazmodasÄ±,yenisezon",2025-07-01T07:55:39.000Z
DLjrjinMhUg,"zara,zaradress,dior,burberry,calvinkleinjeans,beautiful,cuocci,moschino,beritaviral,bikbak,mng,sophie,explorepageâœ¨,explore,exploremore,Ø§ÙƒØ³Ø¨Ù„ÙˆØ±Ø±,Ø§ÙƒØ³Ø¨Ù„ÙˆØ±,zarawoman",2025-07-01T07:54:02.000Z
DLjrUP4tqHs,"Dior,FashionShow,LightingDesign,Scenography,SetDesign,RobertWilson",2025-07-01T07:51:57.000Z
DLjrOyps8LU,"gÃ¶zlÃ¼k,gunesgozlugu,dior,gucci,prada,miumiu,cartier,moncler,tÃ¼rkiye,Ã¼cretsiz,kargo,istanbul,indirim,ÅŸokfiyat",2025-07-01T07:51:12.000Z
DLjq6APR0DU,"Diorsummer26,Dior,Diordesignerofdreams,linglingkwong,à¸«à¸¥à¸´à¸‡à¸«à¸¥à¸´à¸‡à¸„à¸­à¸‡",2025-07-01T07:48:22.000Z
DLjq1vtykGR,"dior,diorbeauty,diormakeup,diornails,nailpolish,unboxing,christiandior,nails,amman,jordan,beauty,nailsğŸ’…",2025-07-01T07:47:47.000Z
DLjqpMTyqAK,"HERMES,DIOR,éº¦ã‚ã‚‰å¸½å­,è²·å–",2025-07-01T07:46:04.000Z
DLjqlJlKdHg,"Ø§ÙŠÙ„ÙŠØª,elitestyle,dior",2025-07-01T07:45:31.000Z
DLjqhy8uFuO,"ã‚·ãƒ£ãƒãƒ«,ãƒã‚šãƒ­ãƒ†ã‚™ã‚£,ãƒ«ãƒ•ã‚™ã‚¿ãƒ³,dior,ãƒ«ã‚¤ã‚¦ã‚™ã‚£ãƒˆãƒ³,ãƒ’ã‚šãƒ¼ã‚«ãƒ•ã‚™ãƒ¼,ã‚¢ã‚¯ã‚»ã‚µãƒªãƒ¼,ã‚¯ã‚™ãƒƒãƒ,ã‚µãƒ³ã‚¯ã‚™ãƒ©ã‚¹,é´,ã‚¹ãƒ‹ãƒ¼ã‚«ãƒ¼,ãƒã‚™ãƒ¼ã‚­ãƒ³,ã‚¨ãƒ«ãƒ¡ã‚¹,ã‚µãƒ³ãƒ­ãƒ¼ãƒ©ãƒ³,ã‚»ãƒªãƒ¼ãƒŒ,ãƒ©ã‚±ã‚™ãƒ¼ã‚·ã‚™,ã‚¯ãƒ­ãƒ ãƒãƒ¼ãƒ„,ãƒã‚™ãƒ¬ãƒ³ã‚·ã‚¢ã‚«ã‚™,ã‚¦ã‚™ã‚¡ãƒ¬ãƒ³ãƒ†ã‚£ãƒ,j12,ã‚«ãƒ«ãƒ†ã‚£ã‚¨,ãƒ­ãƒ¬ãƒƒã‚¯ã‚¹,æ™‚è¨ˆ,ãƒ•ã‚§ãƒ³ãƒ†ã‚™ã‚£ï¼ƒLV,ãƒã‚šãƒ³ãƒ•ã‚šã‚¹",2025-07-01T07:45:04.000Z
DLjqhOCOLEs,"ã‚·ãƒ£ãƒãƒ«,ãƒã‚šãƒ­ãƒ†ã‚™ã‚£,ãƒ«ãƒ•ã‚™ã‚¿ãƒ³,dior,ãƒ«ã‚¤ã‚¦ã‚™ã‚£ãƒˆãƒ³,ãƒ’ã‚šãƒ¼ã‚«ãƒ•ã‚™ãƒ¼,ã‚¢ã‚¯ã‚»ã‚µãƒªãƒ¼,ã‚¯ã‚™ãƒƒãƒ,ã‚µãƒ³ã‚¯ã‚™ãƒ©ã‚¹,é´,ã‚¹ãƒ‹ãƒ¼ã‚«ãƒ¼,ãƒã‚™ãƒ¼ã‚­ãƒ³,ã‚¨ãƒ«ãƒ¡ã‚¹,ã‚µãƒ³ãƒ­ãƒ¼ãƒ©ãƒ³,ã‚»ãƒªãƒ¼ãƒŒ,ãƒ©ã‚±ã‚™ãƒ¼ã‚·ã‚™,ã‚¯ãƒ­ãƒ ãƒãƒ¼ãƒ„,ãƒã‚™ãƒ¬ãƒ³ã‚·ã‚¢ã‚«ã‚™,ã‚¦ã‚™ã‚¡ãƒ¬ãƒ³ãƒ†ã‚£ãƒ,j12,ã‚«ãƒ«ãƒ†ã‚£ã‚¨,ãƒ­ãƒ¬ãƒƒã‚¯ã‚¹,æ™‚è¨ˆ,ãƒ•ã‚§ãƒ³ãƒ†ã‚™ã‚£ï¼ƒLV,ãƒã‚šãƒ³ãƒ•ã‚šã‚¹",2025-07-01T07:44:59.000Z
DLjqgeAu2Sk,"ã‚·ãƒ£ãƒãƒ«,ãƒã‚šãƒ­ãƒ†ã‚™ã‚£,ãƒ«ãƒ•ã‚™ã‚¿ãƒ³,dior,ãƒ«ã‚¤ã‚¦ã‚™ã‚£ãƒˆãƒ³,ãƒ’ã‚šãƒ¼ã‚«ãƒ•ã‚™ãƒ¼,ã‚¢ã‚¯ã‚»ã‚µãƒªãƒ¼,ã‚¯ã‚™ãƒƒãƒ,ã‚µãƒ³ã‚¯ã‚™ãƒ©ã‚¹,é´,ã‚¹ãƒ‹ãƒ¼ã‚«ãƒ¼,ãƒã‚™ãƒ¼ã‚­ãƒ³,ã‚¨ãƒ«ãƒ¡ã‚¹,ã‚µãƒ³ãƒ­ãƒ¼ãƒ©ãƒ³,ã‚»ãƒªãƒ¼ãƒŒ,ãƒ©ã‚±ã‚™ãƒ¼ã‚·ã‚™,ã‚¯ãƒ­ãƒ ãƒãƒ¼ãƒ„,ãƒã‚™ãƒ¬ãƒ³ã‚·ã‚¢ã‚«ã‚™,ã‚¦ã‚™ã‚¡ãƒ¬ãƒ³ãƒ†ã‚£ãƒ,j12,ã‚«ãƒ«ãƒ†ã‚£ã‚¨,ãƒ­ãƒ¬ãƒƒã‚¯ã‚¹,æ™‚è¨ˆ,ãƒ•ã‚§ãƒ³ãƒ†ã‚™ã‚£ï¼ƒLV,ãƒã‚šãƒ³ãƒ•ã‚šã‚¹",2025-07-01T07:44:53.000Z
DLjqfpVu3Co,"ã‚·ãƒ£ãƒãƒ«,ãƒã‚šãƒ­ãƒ†ã‚™ã‚£,ãƒ«ãƒ•ã‚™ã‚¿ãƒ³,dior,ãƒ«ã‚¤ã‚¦ã‚™ã‚£ãƒˆãƒ³,ãƒ’ã‚šãƒ¼ã‚«ãƒ•ã‚™ãƒ¼,ã‚¢ã‚¯ã‚»ã‚µãƒªãƒ¼,ã‚¯ã‚™ãƒƒãƒ,ã‚µãƒ³ã‚¯ã‚™ãƒ©ã‚¹,é´,ã‚¹ãƒ‹ãƒ¼ã‚«ãƒ¼,ãƒã‚™ãƒ¼ã‚­ãƒ³,ã‚¨ãƒ«ãƒ¡ã‚¹,ã‚µãƒ³ãƒ­ãƒ¼ãƒ©ãƒ³,ã‚»ãƒªãƒ¼ãƒŒ,ãƒ©ã‚±ã‚™ãƒ¼ã‚·ã‚™,ã‚¯ãƒ­ãƒ ãƒãƒ¼ãƒ„,ãƒã‚™ãƒ¬ãƒ³ã‚·ã‚¢ã‚«ã‚™,ã‚¦ã‚™ã‚¡ãƒ¬ãƒ³ãƒ†ã‚£ãƒ,j12,ã‚«ãƒ«ãƒ†ã‚£ã‚¨,ãƒ­ãƒ¬ãƒƒã‚¯ã‚¹,æ™‚è¨ˆ,ãƒ•ã‚§ãƒ³ãƒ†ã‚™ã‚£ï¼ƒLV,ãƒã‚šãƒ³ãƒ•ã‚šã‚¹",2025-07-01T07:44:46.000Z
DLjqfBvOQII,"ã‚·ãƒ£ãƒãƒ«,ãƒã‚šãƒ­ãƒ†ã‚™ã‚£,ãƒ«ãƒ•ã‚™ã‚¿ãƒ³,dior,ãƒ«ã‚¤ã‚¦ã‚™ã‚£ãƒˆãƒ³,ãƒ’ã‚šãƒ¼ã‚«ãƒ•ã‚™ãƒ¼,ã‚¢ã‚¯ã‚»ã‚µãƒªãƒ¼,ã‚¯ã‚™ãƒƒãƒ,ã‚µãƒ³ã‚¯ã‚™ãƒ©ã‚¹,é´,ã‚¹ãƒ‹ãƒ¼ã‚«ãƒ¼,ãƒã‚™ãƒ¼ã‚­ãƒ³,ã‚¨ãƒ«ãƒ¡ã‚¹,ã‚µãƒ³ãƒ­ãƒ¼ãƒ©ãƒ³,ã‚»ãƒªãƒ¼ãƒŒ,ãƒ©ã‚±ã‚™ãƒ¼ã‚·ã‚™,ã‚¯ãƒ­ãƒ ãƒãƒ¼ãƒ„,ãƒã‚™ãƒ¬ãƒ³ã‚·ã‚¢ã‚«ã‚™,ã‚¦ã‚™ã‚¡ãƒ¬ãƒ³ãƒ†ã‚£ãƒ,j12,ã‚«ãƒ«ãƒ†ã‚£ã‚¨,ãƒ­ãƒ¬ãƒƒã‚¯ã‚¹,æ™‚è¨ˆ,ãƒ•ã‚§ãƒ³ãƒ†ã‚™ã‚£ï¼ƒLV,ãƒã‚šãƒ³ãƒ•ã‚šã‚¹",2025-07-01T07:44:41.000Z
DLjqedVOCfX,"ã‚·ãƒ£ãƒãƒ«,ãƒã‚šãƒ­ãƒ†ã‚™ã‚£,ãƒ«ãƒ•ã‚™ã‚¿ãƒ³,dior,ãƒ«ã‚¤ã‚¦ã‚™ã‚£ãƒˆãƒ³,ãƒ’ã‚šãƒ¼ã‚«ãƒ•ã‚™ãƒ¼,ã‚¢ã‚¯ã‚»ã‚µãƒªãƒ¼,ã‚¯ã‚™ãƒƒãƒ,ã‚µãƒ³ã‚¯ã‚™ãƒ©ã‚¹,é´,ã‚¹ãƒ‹ãƒ¼ã‚«ãƒ¼,ãƒã‚™ãƒ¼ã‚­ãƒ³,ã‚¨ãƒ«ãƒ¡ã‚¹,ã‚µãƒ³ãƒ­ãƒ¼ãƒ©ãƒ³,ã‚»ãƒªãƒ¼ãƒŒ,ãƒ©ã‚±ã‚™ãƒ¼ã‚·ã‚™,ã‚¯ãƒ­ãƒ ãƒãƒ¼ãƒ„,ãƒã‚™ãƒ¬ãƒ³ã‚·ã‚¢ã‚«ã‚™,ã‚¦ã‚™ã‚¡ãƒ¬ãƒ³ãƒ†ã‚£ãƒ,j12,ã‚«ãƒ«ãƒ†ã‚£ã‚¨,ãƒ­ãƒ¬ãƒƒã‚¯ã‚¹,æ™‚è¨ˆ,ãƒ•ã‚§ãƒ³ãƒ†ã‚™ã‚£ï¼ƒLV,ãƒã‚šãƒ³ãƒ•ã‚šã‚¹",2025-07-01T07:44:37.000Z
DLjqJqsxQ5D,"saintmichel,ã‚»ãƒ³ãƒˆãƒã‚¤ã‚±ãƒ«",2025-07-01T07:41:46.000Z
DLjotYGtMg6,"dior,ÑƒÑ‚Ñ€Ğ¾",2025-07-01T07:29:10.000Z
DLjqRagPfi0,"views,babygirl,igreach,instagood,explore,smallbusiness,handmade,love,instadaily,fashiondesign,dior",2025-07-01T07:42:50.000Z
DLjqOIINoSD,"dior,Ğ´Ñ–Ğ¾Ñ€,Ğ´Ñ–Ğ¾Ñ€Ñ€ÑƒĞ¼ÑĞ½Ğ°,Ñ€ÑƒĞ¼ÑĞ½Ğ°,diorbackstage,diorblush",2025-07-01T07:42:23.000Z
DLjqN_0T53K,"DiorSummer26XApo,Diorxapo,StarsinDior,DiorSummer26,Dior,ApoNattawin,diordesignerofdreams,MileApoflytoDiorSummer26",2025-07-01T07:42:22.000Z
DLjqL5cTaMw,"àºà»‰àº­àº¡àºªàº»à»ˆàº‡,àºàº°à»€àº›àº»à»ˆàº²,hermes,chanel,lyn,Gucci,dior,CK,Louis,coach",2025-07-01T07:42:04.000Z
DLjqLrGTsxG,"DiorSummer26XApo,Diorxapo,StarsinDior,DiorSummer26,Dior,ApoNattawin,diordesignerofdreams,MileApoflytoDiorSummer26",2025-07-01T07:42:03.000Z
DLjqKyDPLEP,,2025-07-01T07:41:55.000Z
DLjp8OaBHsD,,2025-07-01T07:39:56.000Z
DLjppSwh0k5,"ROSY,dior,diorforever,diorforeverskinglow,glow,rosy",2025-07-01T07:37:21.000Z
DLjpmARsHYF,"Ø´Ø§Ù„,Ø±ÙˆØ³Ø±ÛŒ,Ø­Ø¬Ø§Ø¨,Ø§ÛŒØ±Ø§Ù†,Ø²Ù†,Ø²Ù†Ø¯Ú¯ÛŒ,Ù…Ø´Ú©ÛŒ,Ù…Ø­Ø±Ù…,Ø¯Ø®ØªØ±,Ø§Ø±Ø³Ø§Ù„,Ø§Ú©Ø³Ù¾Ù„ÙˆØ±,Ù¾Ø³Øª,Ø´ÛŒÚ©,Ø®Ø§Øµ,Ú¯Ø§Ù„Ø±ÛŒâ©,Ø­Ø±ÛŒØ±,diorâ©â©",2025-07-01T07:36:54.000Z
DLjpiW8Ak_V,"ArtsyChic,ParisianVibes,dior,christiandior,ladydior,diorama,diorus,tasdior,diorhomme,dioraddict,diorfashion,diorstyle,diorlove,diorworld,streetwear,streetstyleinspo,streetstyle,streetfashion,streetphotography,stylelover,styleblogger,styleinspo,stylefashion,ootdinspo,stylinginspo,fahionblogger",2025-07-01T07:36:24.000Z
DLjpajrSZIg,"dior,lipdiorà¸•à¸´à¸”à¸—à¸™,à¸–à¹ˆà¸²à¸¢à¸ˆà¸²à¸à¸ªà¸´à¸™à¸„à¹‰à¸²à¸ˆà¸£à¸´à¸‡",2025-07-01T07:35:20.000Z
DLjpX-goHkp,"Dior,Ø¯ÙŠÙˆØ±,Ø³ØªØ§ÙŠÙ„_ÙØ®Ù…,Ù…Ø§Ø³ØªØ±_ÙƒÙˆØ§Ù„ÙŠØªÙŠ,Ø£Ù†Ø§Ù‚Ø©_Ø§Ù„Ù…Ø¸Ù‡Ø±,ChicByAD",2025-07-01T07:34:59.000Z
DLjpTNvMawj,"ColorMood,CleanGirlAesthetic,dior,christiandior,ladydior,diorus,tasdior,diorhomme,dioraddict,diorfashion,diorstyle,diorlove,diorworld,dioraddiction,ChicStyle,ChicAndTimeless,CoutureStyle,DesignerGoods,DesignerObsession,DesignerStyle,DesignerSwag,EleganceDefined,ExclusiveDesigns,FashionForward,FashionGoals",2025-07-01T07:34:20.000Z
DLjpG0AxV8f,"smallbusinessindia,viralvideosindia,reeloftheday,handbagsindia,accessoriesindia,delhifashionblogger,indianfashionblogger,luxuryshoppingindia,indianclothingstore,luxuryaddict,indianfashion,mumbaifashionblogger,mumbaiblogger,Shoppingguide,luxuryshoppingbags,luxurydesignerbag,luxurydesigns,luxuryproducts,luxuryshopper,designerdeals,delhiluxuryblogger,delhishopping,personalshopper,designershopping,designershop,personalshoppingbusiness,luxurylifestyle,dior",2025-07-01T07:32:39.000Z
DLjpApVIVpL,"kiko,Ø¨ÙŠÙˆØªÙ‰,Ø¨ÙŠÙˆØªÙŠ_Ù„Ø³ØªÙˆØ±_Ù„Ø¬Ù…Ø§Ù„Ùƒ,Ø®ØµÙˆÙ…Ø§Øª_Ø¨ÙŠÙˆØªÙŠ_Ø³ØªÙˆØ±,Ù…ÙŠÙƒØ§Ø¨_Ù‡Ø§ÙŠ_Ø§Ù†Ø¯,Dior,YSL,Lancome,CharlotteTilbury,NARS,BeautyStore,LuxurySkincare,Ø¯ÙŠÙˆØ±_Ø£ØµÙ„ÙŠ,YSL_Ù…ØµØ±,Ù„Ø§Ù†ÙƒÙˆÙ…_Ø£ØµÙ„ÙŠ,Ø´Ø§Ø±Ù„ÙˆØª_ØªÙ„Ø¨Ø±ÙŠ_Ù…ØµØ±,Ø¬ÙŠØ±Ù„Ø§Ù†_Ø£ØµÙ„ÙŠ,Ø§Ø³ØªÙŠ_Ù„ÙˆØ¯Ø±_Ø£ØµÙ„ÙŠ,Ø§Ø±Ù…Ø§Ù†ÙŠ_Ø£ØµÙ„ÙŠ,UrbanDecayEgypt,Ù†Ø§Ø±Ø³_Ø£ØµÙ„ÙŠ,ÙÙ„ÙˆØ±ÙŠØ¬Ø§_Ø£ØµÙ„ÙŠ,Ù…ÙŠÙƒØ§Ø¨_Ù‡Ø§ÙŠ_Ø¥Ù†Ø¯,Ù…ÙŠÙƒØ§Ø¨_Ø£ØµÙ„ÙŠ,Ù…ÙŠÙƒØ§Ø¨_Ù…ØµØ±,Ø¹Ø±ÙˆØ¶_Ù…ÙƒÙŠØ§Ø¬,Ø¨Ø±Ø§Ù†Ø¯Ø§Øª_Ø¹Ø§Ù„Ù…ÙŠØ©,Ø¨ÙŠÙˆØªÙŠ_Ø³ØªÙˆØ±,BeautyStoreEG,MakeupEgypt",2025-07-01T07:31:48.000Z
DLjo_fyMS5Q,"table,dinnerathome,bvlgari,lÃ¼ks,lv,dior,prada,yemektakÄ±mÄ±",2025-07-01T07:31:39.000Z
DLjo38nOZoE,"ã‚·ãƒ£ãƒãƒ«,ãƒ‘ãƒ­ãƒ‡ã‚£,ãƒ«ãƒ–ã‚¿ãƒ³,dior,ãƒ«ã‚¤ãƒ´ã‚£ãƒˆãƒ³,ãƒ”ãƒ¼ã‚«ãƒ–ãƒ¼,ã‚¢ã‚¯ã‚»ã‚µãƒªãƒ¼,ã‚°ãƒƒãƒ,ã‚µãƒ³ã‚°ãƒ©ã‚¹,é´,ã‚¹ãƒ‹ãƒ¼ã‚«ãƒ¼,ãƒãƒ¼ã‚­ãƒ³,ã‚¨ãƒ«ãƒ¡ã‚¹,ã‚µãƒ³ãƒ­ãƒ¼ãƒ©ãƒ³,ã‚»ãƒªãƒ¼ãƒŒ,ãƒ©ã‚²ãƒ¼ã‚¸,ã‚¯ãƒ­ãƒ ãƒãƒ¼ãƒ„,ãƒãƒ¬ãƒ³ã‚·ã‚¢ã‚¬,ãƒ´ã‚¡ãƒ¬ãƒ³ãƒ†ã‚£ãƒ,j12,ã‚«ãƒ«ãƒ†ã‚£ã‚¨,ãƒ­ãƒ¬ãƒƒã‚¯ã‚¹,æ™‚è¨ˆ,ãƒ•ã‚§ãƒ³ãƒ‡ã‚£ï¼ƒLV,ãƒ‘ãƒ³ãƒ—ã‚¹",2025-07-01T07:30:37.000Z
DLjo3zxPwEN,diorâ €,2025-07-01T07:30:36.000Z
DLjo3WmOjZq,"ã‚·ãƒ£ãƒãƒ«,ãƒ‘ãƒ­ãƒ‡ã‚£,ãƒ«ãƒ–ã‚¿ãƒ³,dior,ãƒ«ã‚¤ãƒ´ã‚£ãƒˆãƒ³,ãƒ”ãƒ¼ã‚«ãƒ–ãƒ¼,ã‚¢ã‚¯ã‚»ã‚µãƒªãƒ¼,ã‚°ãƒƒãƒ,ã‚µãƒ³ã‚°ãƒ©ã‚¹,é´,ã‚¹ãƒ‹ãƒ¼ã‚«ãƒ¼,ãƒãƒ¼ã‚­ãƒ³,ã‚¨ãƒ«ãƒ¡ã‚¹,ã‚µãƒ³ãƒ­ãƒ¼ãƒ©ãƒ³,ã‚»ãƒªãƒ¼ãƒŒ,ãƒ©ã‚²ãƒ¼ã‚¸,ã‚¯ãƒ­ãƒ ãƒãƒ¼ãƒ„,ãƒãƒ¬ãƒ³ã‚·ã‚¢ã‚¬,ãƒ´ã‚¡ãƒ¬ãƒ³ãƒ†ã‚£ãƒ,j12,ã‚«ãƒ«ãƒ†ã‚£ã‚¨,ãƒ­ãƒ¬ãƒƒã‚¯ã‚¹,æ™‚è¨ˆ,ãƒ•ã‚§ãƒ³ãƒ‡ã‚£ï¼ƒLV,ãƒ‘ãƒ³ãƒ—ã‚¹",2025-07-01T07:30:32.000Z
DLjo2m1tFcW,"kings17,mas24karat,jualan,kalung,kalungemas,perhiasan,tokoemas,necklace,liontin,gelang,gelangkeroncong,rosegold,dior,liontindior,ubs,logammulia,antam,ubsgold,indonesiajewelry,like4like,instajewelry,followme,followforfollow,igers,instalike",2025-07-01T07:30:29.000Z
DLjo2o3uOkL,"ã‚·ãƒ£ãƒãƒ«,ãƒ‘ãƒ­ãƒ‡ã‚£,ãƒ«ãƒ–ã‚¿ãƒ³,dior,ãƒ«ã‚¤ãƒ´ã‚£ãƒˆãƒ³,ãƒ”ãƒ¼ã‚«ãƒ–ãƒ¼,ã‚¢ã‚¯ã‚»ã‚µãƒªãƒ¼,ã‚°ãƒƒãƒ,ã‚µãƒ³ã‚°ãƒ©ã‚¹,é´,ã‚¹ãƒ‹ãƒ¼ã‚«ãƒ¼,ãƒãƒ¼ã‚­ãƒ³,ã‚¨ãƒ«ãƒ¡ã‚¹,ã‚µãƒ³ãƒ­ãƒ¼ãƒ©ãƒ³,ã‚»ãƒªãƒ¼ãƒŒ,ãƒ©ã‚²ãƒ¼ã‚¸,ã‚¯ãƒ­ãƒ ãƒãƒ¼ãƒ„,ãƒãƒ¬ãƒ³ã‚·ã‚¢ã‚¬,ãƒ´ã‚¡ãƒ¬ãƒ³ãƒ†ã‚£ãƒ,j12,ã‚«ãƒ«ãƒ†ã‚£ã‚¨,ãƒ­ãƒ¬ãƒƒã‚¯ã‚¹,æ™‚è¨ˆ,ãƒ•ã‚§ãƒ³ãƒ‡ã‚£ï¼ƒLV,ãƒ‘ãƒ³ãƒ—ã‚¹",2025-07-01T07:30:26.000Z
DLjo11iuFIp,"ã‚·ãƒ£ãƒãƒ«,ãƒ‘ãƒ­ãƒ‡ã‚£,ãƒ«ãƒ–ã‚¿ãƒ³,dior,ãƒ«ã‚¤ãƒ´ã‚£ãƒˆãƒ³,ãƒ”ãƒ¼ã‚«ãƒ–ãƒ¼,ã‚¢ã‚¯ã‚»ã‚µãƒªãƒ¼,ã‚°ãƒƒãƒ,ã‚µãƒ³ã‚°ãƒ©ã‚¹,é´,ã‚¹ãƒ‹ãƒ¼ã‚«ãƒ¼,ãƒãƒ¼ã‚­ãƒ³,ã‚¨ãƒ«ãƒ¡ã‚¹,ã‚µãƒ³ãƒ­ãƒ¼ãƒ©ãƒ³,ã‚»ãƒªãƒ¼ãƒŒ,ãƒ©ã‚²ãƒ¼ã‚¸,ã‚¯ãƒ­ãƒ ãƒãƒ¼ãƒ„,ãƒãƒ¬ãƒ³ã‚·ã‚¢ã‚¬,ãƒ´ã‚¡ãƒ¬ãƒ³ãƒ†ã‚£ãƒ,j12,ã‚«ãƒ«ãƒ†ã‚£ã‚¨,ãƒ­ãƒ¬ãƒƒã‚¯ã‚¹,æ™‚è¨ˆ,ãƒ•ã‚§ãƒ³ãƒ‡ã‚£ï¼ƒLV,ãƒ‘ãƒ³ãƒ—ã‚¹",2025-07-01T07:30:19.000Z
DLjo1lTI-o7,"LV,ç²¾å“ä»£è³¼,ç¾è²¨ä¾›æ‡‰,é¦™å¥ˆå…’,Gucci,gucci,é¦™å¥ˆå…’å°ç™½é‹,DIOR,DioréŒ¢åŒ…,é¦™å¥ˆå…’å¢¨é¡,æ„›é¦¬ä»•ä¼‘é–’é‹,burberryçš®å¸¶,å°ˆæ«ƒé™é‡æ¬¾,é¦™å¥ˆå…’19åŒ…,é¦™å¥ˆå…’çš®å¸¶,é¦™å¥ˆå…’é …éŠ,é¦™å¥ˆå…’è€³ç’°,èŠ¬è¿ª,FENDI,YSL,yslä»£è³¼,CELINE,celineä»£è³¼",2025-07-01T07:30:17.000Z
DLjo1A9OjvA,"ã‚·ãƒ£ãƒãƒ«,ãƒ‘ãƒ­ãƒ‡ã‚£,ãƒ«ãƒ–ã‚¿ãƒ³,dior,ãƒ«ã‚¤ãƒ´ã‚£ãƒˆãƒ³,ãƒ”ãƒ¼ã‚«ãƒ–ãƒ¼,ã‚¢ã‚¯ã‚»ã‚µãƒªãƒ¼,ã‚°ãƒƒãƒ,ã‚µãƒ³ã‚°ãƒ©ã‚¹,é´,ã‚¹ãƒ‹ãƒ¼ã‚«ãƒ¼,ãƒãƒ¼ã‚­ãƒ³,ã‚¨ãƒ«ãƒ¡ã‚¹,ã‚µãƒ³ãƒ­ãƒ¼ãƒ©ãƒ³,ã‚»ãƒªãƒ¼ãƒŒ,ãƒ©ã‚²ãƒ¼ã‚¸,ã‚¯ãƒ­ãƒ ãƒãƒ¼ãƒ„,ãƒãƒ¬ãƒ³ã‚·ã‚¢ã‚¬,ãƒ´ã‚¡ãƒ¬ãƒ³ãƒ†ã‚£ãƒ,j12,ã‚«ãƒ«ãƒ†ã‚£ã‚¨,ãƒ­ãƒ¬ãƒƒã‚¯ã‚¹,æ™‚è¨ˆ,ãƒ•ã‚§ãƒ³ãƒ‡ã‚£ï¼ƒLV,ãƒ‘ãƒ³ãƒ—ã‚¹",2025-07-01T07:30:13.000Z
DLjo0eyuj2T,"ã‚·ãƒ£ãƒãƒ«,ãƒ‘ãƒ­ãƒ‡ã‚£,ãƒ«ãƒ–ã‚¿ãƒ³,dior,ãƒ«ã‚¤ãƒ´ã‚£ãƒˆãƒ³,ãƒ”ãƒ¼ã‚«ãƒ–ãƒ¼,ã‚¢ã‚¯ã‚»ã‚µãƒªãƒ¼,ã‚°ãƒƒãƒ,ã‚µãƒ³ã‚°ãƒ©ã‚¹,é´,ã‚¹ãƒ‹ãƒ¼ã‚«ãƒ¼,ãƒãƒ¼ã‚­ãƒ³,ã‚¨ãƒ«ãƒ¡ã‚¹,ã‚µãƒ³ãƒ­ãƒ¼ãƒ©ãƒ³,ã‚»ãƒªãƒ¼ãƒŒ,ãƒ©ã‚²ãƒ¼ã‚¸,ã‚¯ãƒ­ãƒ ãƒãƒ¼ãƒ„,ãƒãƒ¬ãƒ³ã‚·ã‚¢ã‚¬,ãƒ´ã‚¡ãƒ¬ãƒ³ãƒ†ã‚£ãƒ,j12,ã‚«ãƒ«ãƒ†ã‚£ã‚¨,ãƒ­ãƒ¬ãƒƒã‚¯ã‚¹,æ™‚è¨ˆ,ãƒ•ã‚§ãƒ³ãƒ‡ã‚£ï¼ƒLV,ãƒ‘ãƒ³ãƒ—ã‚¹",2025-07-01T07:30:08.000Z
DLjo0QcuXn1,"ãƒ—ãƒ¬ã‚¼ãƒ³ãƒˆ,ãƒ—ãƒ¬ã‚¼ãƒ³ãƒˆã‚­ãƒ£ãƒ³ãƒšãƒ¼ãƒ³,ãƒ—ãƒ¬ã‚¼ãƒ³ãƒˆä¼ç”»,ã‚³ã‚¹ãƒ¡,ã‚³ã‚¹ãƒ¡ãƒ¬ãƒ“ãƒ¥ãƒ¼,ã‚³ã‚¹ãƒ¡å¥½ããªäººã¨ç¹‹ãŒã‚ŠãŸã„,ã‚³ã‚¹ãƒ¡å¢ã•ã‚“ã¨ç¹‹ãŒã‚ŠãŸã„,ç¾å®¹å¢ã•ã‚“ã¨ç¹‹ãŒã‚ŠãŸã„,ç¾å®¹,ãƒ—ãƒ¬ã‚­ãƒ£ãƒ³,ã‚¤ãƒ³ã‚¹ã‚¿ã‚­ãƒ£ãƒ³ãƒšãƒ¼ãƒ³,Dior,ãƒ‡ã‚£ã‚ªãƒ¼ãƒ«,ãƒã‚­ã‚·ãƒã‚¤ã‚¶ãƒ¼,ãƒ‡ã‚£ã‚ªãƒ¼ãƒ«ãƒªãƒƒãƒ—,ãƒ›ã‚¹ãƒˆ,ãƒ¡ãƒ³ã‚³ãƒ³,ãƒœãƒ¼ã‚¤ã‚ºãƒãƒ¼,æ­Œèˆä¼ç”ºãƒ›ã‚¹ãƒˆ,æ­Œèˆä¼ç”º,ã‚µãƒ³ãƒªã‚ª,é‡ç”£å‹,å¤§å­¦ç”Ÿ,ãƒ›ã‚¹ãƒ–ãƒ­,æ–°ä½œã‚³ã‚¹ãƒ¡,ãƒ‡ãƒ‘ã‚³ã‚¹,ãƒ›ã‚¹ç‹‚,ãƒ­ãƒ³ã‚°ã‚»ãƒ©ãƒ¼,ä¸€è»ãƒªãƒƒãƒ—,ãƒªãƒƒãƒ—ãƒ¡ã‚¤ã‚¯",2025-07-01T07:30:07.000Z
DLjoyy7uiwi,"ã‚·ãƒ£ãƒãƒ«,ãƒ‘ãƒ­ãƒ‡ã‚£,ãƒ«ãƒ–ã‚¿ãƒ³,dior,ãƒ«ã‚¤ãƒ´ã‚£ãƒˆãƒ³,ãƒ”ãƒ¼ã‚«ãƒ–ãƒ¼,ã‚¢ã‚¯ã‚»ã‚µãƒªãƒ¼,ã‚°ãƒƒãƒ,ã‚µãƒ³ã‚°ãƒ©ã‚¹,é´,ã‚¹ãƒ‹ãƒ¼ã‚«ãƒ¼,ãƒãƒ¼ã‚­ãƒ³,ã‚¨ãƒ«ãƒ¡ã‚¹,ã‚µãƒ³ãƒ­ãƒ¼ãƒ©ãƒ³,ã‚»ãƒªãƒ¼ãƒŒ,ãƒ©ã‚²ãƒ¼ã‚¸,ã‚¯ãƒ­ãƒ ãƒãƒ¼ãƒ„,ãƒãƒ¬ãƒ³ã‚·ã‚¢ã‚¬,ãƒ´ã‚¡ãƒ¬ãƒ³ãƒ†ã‚£ãƒ,j12,ã‚«ãƒ«ãƒ†ã‚£ã‚¨,ãƒ­ãƒ¬ãƒƒã‚¯ã‚¹,æ™‚è¨ˆ,ãƒ•ã‚§ãƒ³ãƒ‡ã‚£ï¼ƒLV,ãƒ‘ãƒ³ãƒ—ã‚¹",2025-07-01T07:29:55.000Z
DLjoyMSOOep,"ã‚·ãƒ£ãƒãƒ«,ãƒ‘ãƒ­ãƒ‡ã‚£,ãƒ«ãƒ–ã‚¿ãƒ³,dior,ãƒ«ã‚¤ãƒ´ã‚£ãƒˆãƒ³,ãƒ”ãƒ¼ã‚«ãƒ–ãƒ¼,ã‚¢ã‚¯ã‚»ã‚µãƒªãƒ¼,ã‚°ãƒƒãƒ,ã‚µãƒ³ã‚°ãƒ©ã‚¹,é´,ã‚¹ãƒ‹ãƒ¼ã‚«ãƒ¼,ãƒãƒ¼ã‚­ãƒ³,ã‚¨ãƒ«ãƒ¡ã‚¹,ã‚µãƒ³ãƒ­ãƒ¼ãƒ©ãƒ³,ã‚»ãƒªãƒ¼ãƒŒ,ãƒ©ã‚²ãƒ¼ã‚¸,ã‚¯ãƒ­ãƒ ãƒãƒ¼ãƒ„,ãƒãƒ¬ãƒ³ã‚·ã‚¢ã‚¬,ãƒ´ã‚¡ãƒ¬ãƒ³ãƒ†ã‚£ãƒ,j12,ã‚«ãƒ«ãƒ†ã‚£ã‚¨,ãƒ­ãƒ¬ãƒƒã‚¯ã‚¹,æ™‚è¨ˆ,ãƒ•ã‚§ãƒ³ãƒ‡ã‚£ï¼ƒLV,ãƒ‘ãƒ³ãƒ—ã‚¹",2025-07-01T07:29:50.000Z
DLjoyR5ukst,"ë””ì˜¬ë©”ë¦¬ì œì¸,ë””ì˜¬ìŠ¬ë§ë°±í”Œë«,ë””ì˜¬ë°œë ˆë¦¬ë‚˜í”Œë«,ì—¬ìë””ì˜¬ìš´ë™í™”,ë””ì˜¬ë¡œí¼,ë””ì˜¬í”Œë«,ë””ì˜¬í”Œë«ìŠˆì¦ˆ,CHRISTIANDIOR,ë””ì˜¬ë¶€ì¸ ,ë””ì˜¬ë‹¨í™”,í•í”Œëë¡œí¼,ë””ì˜¬ìƒŒë“¤,ì—¬ìë””ì˜¬ì‹ ë°œ,ì—¬ìë””ì˜¬ìŠ¤ë‹ˆì»¤ì¦ˆ,ë””ì˜¬ìŠ¤ë‹ˆì»¤ì¦ˆì—¬ì,ë””ì˜¬ë°œë ˆë¦¬ë‚˜,ë””ì˜¬,DIOR,ëª¨ë˜íŒ¨ì…˜,íŒ¨ì…˜ìŠ¤íƒ€ê·¸ë¨,ì•„ë¦„ë‹¤ìš´ì‹ ë°œ,íŒ¨ì…˜íŠ¸ë Œë“œ,ë””ìì¸ìŠˆì¦ˆ,í•˜ì´ííŒ¬",2025-07-01T07:29:50.000Z
DLjoxpZuXtf,"ã‚·ãƒ£ãƒãƒ«,ãƒ‘ãƒ­ãƒ‡ã‚£,ãƒ«ãƒ–ã‚¿ãƒ³,dior,ãƒ«ã‚¤ãƒ´ã‚£ãƒˆãƒ³,ãƒ”ãƒ¼ã‚«ãƒ–ãƒ¼,ã‚¢ã‚¯ã‚»ã‚µãƒªãƒ¼,ã‚°ãƒƒãƒ,ã‚µãƒ³ã‚°ãƒ©ã‚¹,é´,ã‚¹ãƒ‹ãƒ¼ã‚«ãƒ¼,ãƒãƒ¼ã‚­ãƒ³,ã‚¨ãƒ«ãƒ¡ã‚¹,ã‚µãƒ³ãƒ­ãƒ¼ãƒ©ãƒ³,ã‚»ãƒªãƒ¼ãƒŒ,ãƒ©ã‚²ãƒ¼ã‚¸,ã‚¯ãƒ­ãƒ ãƒãƒ¼ãƒ„,ãƒãƒ¬ãƒ³ã‚·ã‚¢ã‚¬,ãƒ´ã‚¡ãƒ¬ãƒ³ãƒ†ã‚£ãƒ,j12,ã‚«ãƒ«ãƒ†ã‚£ã‚¨,ãƒ­ãƒ¬ãƒƒã‚¯ã‚¹,æ™‚è¨ˆ,ãƒ•ã‚§ãƒ³ãƒ‡ã‚£ï¼ƒLV,ãƒ‘ãƒ³ãƒ—ã‚¹",2025-07-01T07:29:45.000Z
DLjowzmokDm,"dior,parisfashionweek,fashionpost,trending",2025-07-01T07:29:38.000Z
DLjowwuuRBv,"ã‚·ãƒ£ãƒãƒ«,ãƒ‘ãƒ­ãƒ‡ã‚£,ãƒ«ãƒ–ã‚¿ãƒ³,dior,ãƒ«ã‚¤ãƒ´ã‚£ãƒˆãƒ³,ãƒ”ãƒ¼ã‚«ãƒ–ãƒ¼,ã‚¢ã‚¯ã‚»ã‚µãƒªãƒ¼,ã‚°ãƒƒãƒ,ã‚µãƒ³ã‚°ãƒ©ã‚¹,é´,ã‚¹ãƒ‹ãƒ¼ã‚«ãƒ¼,ãƒãƒ¼ã‚­ãƒ³,ã‚¨ãƒ«ãƒ¡ã‚¹,ã‚µãƒ³ãƒ­ãƒ¼ãƒ©ãƒ³,ã‚»ãƒªãƒ¼ãƒŒ,ãƒ©ã‚²ãƒ¼ã‚¸,ã‚¯ãƒ­ãƒ ãƒãƒ¼ãƒ„,ãƒãƒ¬ãƒ³ã‚·ã‚¢ã‚¬,ãƒ´ã‚¡ãƒ¬ãƒ³ãƒ†ã‚£ãƒ,j12,ã‚«ãƒ«ãƒ†ã‚£ã‚¨,ãƒ­ãƒ¬ãƒƒã‚¯ã‚¹,æ™‚è¨ˆ,ãƒ•ã‚§ãƒ³ãƒ‡ã‚£ï¼ƒLV,ãƒ‘ãƒ³ãƒ—ã‚¹",2025-07-01T07:29:38.000Z
DLjovv8OWAh,"ã‚·ãƒ£ãƒãƒ«,ãƒ‘ãƒ­ãƒ‡ã‚£,ãƒ«ãƒ–ã‚¿ãƒ³,dior,ãƒ«ã‚¤ãƒ´ã‚£ãƒˆãƒ³,ãƒ”ãƒ¼ã‚«ãƒ–ãƒ¼,ã‚¢ã‚¯ã‚»ã‚µãƒªãƒ¼,ã‚°ãƒƒãƒ,ã‚µãƒ³ã‚°ãƒ©ã‚¹,é´,ã‚¹ãƒ‹ãƒ¼ã‚«ãƒ¼,ãƒãƒ¼ã‚­ãƒ³,ã‚¨ãƒ«ãƒ¡ã‚¹,ã‚µãƒ³ãƒ­ãƒ¼ãƒ©ãƒ³,ã‚»ãƒªãƒ¼ãƒŒ,ãƒ©ã‚²ãƒ¼ã‚¸,ã‚¯ãƒ­ãƒ ãƒãƒ¼ãƒ„,ãƒãƒ¬ãƒ³ã‚·ã‚¢ã‚¬,ãƒ´ã‚¡ãƒ¬ãƒ³ãƒ†ã‚£ãƒ,j12,ã‚«ãƒ«ãƒ†ã‚£ã‚¨,ãƒ­ãƒ¬ãƒƒã‚¯ã‚¹,æ™‚è¨ˆ,ãƒ•ã‚§ãƒ³ãƒ‡ã‚£ï¼ƒLV,ãƒ‘ãƒ³ãƒ—ã‚¹",2025-07-01T07:29:30.000Z
DLjova7OrYr,"ã‚·ãƒ£ãƒãƒ«,ãƒ‘ãƒ­ãƒ‡ã‚£,ãƒ«ãƒ–ã‚¿ãƒ³,dior,ãƒ«ã‚¤ãƒ´ã‚£ãƒˆãƒ³,ãƒ”ãƒ¼ã‚«ãƒ–ãƒ¼,ã‚¢ã‚¯ã‚»ã‚µãƒªãƒ¼,ã‚°ãƒƒãƒ,ã‚µãƒ³ã‚°ãƒ©ã‚¹,é´,ã‚¹ãƒ‹ãƒ¼ã‚«ãƒ¼,ãƒãƒ¼ã‚­ãƒ³,ã‚¨ãƒ«ãƒ¡ã‚¹,ã‚µãƒ³ãƒ­ãƒ¼ãƒ©ãƒ³,ã‚»ãƒªãƒ¼ãƒŒ,ãƒ©ã‚²ãƒ¼ã‚¸,ã‚¯ãƒ­ãƒ ãƒãƒ¼ãƒ„,ãƒãƒ¬ãƒ³ã‚·ã‚¢ã‚¬,ãƒ´ã‚¡ãƒ¬ãƒ³ãƒ†ã‚£ãƒ,j12,ã‚«ãƒ«ãƒ†ã‚£ã‚¨,ãƒ­ãƒ¬ãƒƒã‚¯ã‚¹,æ™‚è¨ˆ,ãƒ•ã‚§ãƒ³ãƒ‡ã‚£ï¼ƒLV,ãƒ‘ãƒ³ãƒ—ã‚¹",2025-07-01T07:29:27.000Z
DLjotO3u5HE,"ã‚·ãƒ£ãƒãƒ«,ãƒ‘ãƒ­ãƒ‡ã‚£,ãƒ«ãƒ–ã‚¿ãƒ³,dior,ãƒ«ã‚¤ãƒ´ã‚£ãƒˆãƒ³,ãƒ”ãƒ¼ã‚«ãƒ–ãƒ¼,ã‚¢ã‚¯ã‚»ã‚µãƒªãƒ¼,ã‚°ãƒƒãƒ,ã‚µãƒ³ã‚°ãƒ©ã‚¹,é´,ã‚¹ãƒ‹ãƒ¼ã‚«ãƒ¼,ãƒãƒ¼ã‚­ãƒ³,ã‚¨ãƒ«ãƒ¡ã‚¹,ã‚µãƒ³ãƒ­ãƒ¼ãƒ©ãƒ³,ã‚»ãƒªãƒ¼ãƒŒ,ãƒ©ã‚²ãƒ¼ã‚¸,ã‚¯ãƒ­ãƒ ãƒãƒ¼ãƒ„,ãƒãƒ¬ãƒ³ã‚·ã‚¢ã‚¬,ãƒ´ã‚¡ãƒ¬ãƒ³ãƒ†ã‚£ãƒ,j12,ã‚«ãƒ«ãƒ†ã‚£ã‚¨,ãƒ­ãƒ¬ãƒƒã‚¯ã‚¹,æ™‚è¨ˆ,ãƒ•ã‚§ãƒ³ãƒ‡ã‚£ï¼ƒLV,ãƒ‘ãƒ³ãƒ—ã‚¹",2025-07-01T07:29:09.000Z
DLjoshAuR7r,"ã‚·ãƒ£ãƒãƒ«,ãƒ‘ãƒ­ãƒ‡ã‚£,ãƒ«ãƒ–ã‚¿ãƒ³,dior,ãƒ«ã‚¤ãƒ´ã‚£ãƒˆãƒ³,ãƒ”ãƒ¼ã‚«ãƒ–ãƒ¼,ã‚¢ã‚¯ã‚»ã‚µãƒªãƒ¼,ã‚°ãƒƒãƒ,ã‚µãƒ³ã‚°ãƒ©ã‚¹,é´,ã‚¹ãƒ‹ãƒ¼ã‚«ãƒ¼,ãƒãƒ¼ã‚­ãƒ³,ã‚¨ãƒ«ãƒ¡ã‚¹,ã‚µãƒ³ãƒ­ãƒ¼ãƒ©ãƒ³,ã‚»ãƒªãƒ¼ãƒŒ,ãƒ©ã‚²ãƒ¼ã‚¸,ã‚¯ãƒ­ãƒ ãƒãƒ¼ãƒ„,ãƒãƒ¬ãƒ³ã‚·ã‚¢ã‚¬,ãƒ´ã‚¡ãƒ¬ãƒ³ãƒ†ã‚£ãƒ,j12,ã‚«ãƒ«ãƒ†ã‚£ã‚¨,ãƒ­ãƒ¬ãƒƒã‚¯ã‚¹,æ™‚è¨ˆ,ãƒ•ã‚§ãƒ³ãƒ‡ã‚£ï¼ƒLV,ãƒ‘ãƒ³ãƒ—ã‚¹",2025-07-01T07:29:03.000Z
DLjosFfOSGg,"ã‚·ãƒ£ãƒãƒ«,ãƒ‘ãƒ­ãƒ‡ã‚£,ãƒ«ãƒ–ã‚¿ãƒ³,dior,ãƒ«ã‚¤ãƒ´ã‚£ãƒˆãƒ³,ãƒ”ãƒ¼ã‚«ãƒ–ãƒ¼,ã‚¢ã‚¯ã‚»ã‚µãƒªãƒ¼,ã‚°ãƒƒãƒ,ã‚µãƒ³ã‚°ãƒ©ã‚¹,é´,ã‚¹ãƒ‹ãƒ¼ã‚«ãƒ¼,ãƒãƒ¼ã‚­ãƒ³,ã‚¨ãƒ«ãƒ¡ã‚¹,ã‚µãƒ³ãƒ­ãƒ¼ãƒ©ãƒ³,ã‚»ãƒªãƒ¼ãƒŒ,ãƒ©ã‚²ãƒ¼ã‚¸,ã‚¯ãƒ­ãƒ ãƒãƒ¼ãƒ„,ãƒãƒ¬ãƒ³ã‚·ã‚¢ã‚¬,ãƒ´ã‚¡ãƒ¬ãƒ³ãƒ†ã‚£ãƒ,j12,ã‚«ãƒ«ãƒ†ã‚£ã‚¨,ãƒ­ãƒ¬ãƒƒã‚¯ã‚¹,æ™‚è¨ˆ,ãƒ•ã‚§ãƒ³ãƒ‡ã‚£ï¼ƒLV,ãƒ‘ãƒ³ãƒ—ã‚¹",2025-07-01T07:29:00.000Z
DLjosGNS81m,"repost,Dior,DiorEyewear,DiorSunglasses,DiorThailand,KTOptic,CentralRama2,Eyelinkvision",2025-07-01T07:29:00.000Z
DLjorEsuKTP,"ã‚·ãƒ£ãƒãƒ«,ãƒ‘ãƒ­ãƒ‡ã‚£,ãƒ«ãƒ–ã‚¿ãƒ³,dior,ãƒ«ã‚¤ãƒ´ã‚£ãƒˆãƒ³,ãƒ”ãƒ¼ã‚«ãƒ–ãƒ¼,ã‚¢ã‚¯ã‚»ã‚µãƒªãƒ¼,ã‚°ãƒƒãƒ,ã‚µãƒ³ã‚°ãƒ©ã‚¹,é´,ã‚¹ãƒ‹ãƒ¼ã‚«ãƒ¼,ãƒãƒ¼ã‚­ãƒ³,ã‚¨ãƒ«ãƒ¡ã‚¹,ã‚µãƒ³ãƒ­ãƒ¼ãƒ©ãƒ³,ã‚»ãƒªãƒ¼ãƒŒ,ãƒ©ã‚²ãƒ¼ã‚¸,ã‚¯ãƒ­ãƒ ãƒãƒ¼ãƒ„,ãƒãƒ¬ãƒ³ã‚·ã‚¢ã‚¬,ãƒ´ã‚¡ãƒ¬ãƒ³ãƒ†ã‚£ãƒ,j12,ã‚«ãƒ«ãƒ†ã‚£ã‚¨,ãƒ­ãƒ¬ãƒƒã‚¯ã‚¹,æ™‚è¨ˆ,ãƒ•ã‚§ãƒ³ãƒ‡ã‚£ï¼ƒLV,ãƒ‘ãƒ³ãƒ—ã‚¹",2025-07-01T07:28:51.000Z
DLjopsMuc3O,"ã‚·ãƒ£ãƒãƒ«,ãƒ‘ãƒ­ãƒ‡ã‚£,ãƒ«ãƒ–ã‚¿ãƒ³,dior,ãƒ«ã‚¤ãƒ´ã‚£ãƒˆãƒ³,ãƒ”ãƒ¼ã‚«ãƒ–ãƒ¼,ã‚¢ã‚¯ã‚»ã‚µãƒªãƒ¼,ã‚°ãƒƒãƒ,ã‚µãƒ³ã‚°ãƒ©ã‚¹,é´,ã‚¹ãƒ‹ãƒ¼ã‚«ãƒ¼,ãƒãƒ¼ã‚­ãƒ³,ã‚¨ãƒ«ãƒ¡ã‚¹,ã‚µãƒ³ãƒ­ãƒ¼ãƒ©ãƒ³,ã‚»ãƒªãƒ¼ãƒŒ,ãƒ©ã‚²ãƒ¼ã‚¸,ã‚¯ãƒ­ãƒ ãƒãƒ¼ãƒ„,ãƒãƒ¬ãƒ³ã‚·ã‚¢ã‚¬,ãƒ´ã‚¡ãƒ¬ãƒ³ãƒ†ã‚£ãƒ,j12,ã‚«ãƒ«ãƒ†ã‚£ã‚¨,ãƒ­ãƒ¬ãƒƒã‚¯ã‚¹,æ™‚è¨ˆ,ãƒ•ã‚§ãƒ³ãƒ‡ã‚£ï¼ƒLV,ãƒ‘ãƒ³ãƒ—ã‚¹",2025-07-01T07:28:40.000Z
DLjopRpuGTl,"ã‚·ãƒ£ãƒãƒ«,ãƒ‘ãƒ­ãƒ‡ã‚£,ãƒ«ãƒ–ã‚¿ãƒ³,dior,ãƒ«ã‚¤ãƒ´ã‚£ãƒˆãƒ³,ãƒ”ãƒ¼ã‚«ãƒ–ãƒ¼,ã‚¢ã‚¯ã‚»ã‚µãƒªãƒ¼,ã‚°ãƒƒãƒ,ã‚µãƒ³ã‚°ãƒ©ã‚¹,é´,ã‚¹ãƒ‹ãƒ¼ã‚«ãƒ¼,ãƒãƒ¼ã‚­ãƒ³,ã‚¨ãƒ«ãƒ¡ã‚¹,ã‚µãƒ³ãƒ­ãƒ¼ãƒ©ãƒ³,ã‚»ãƒªãƒ¼ãƒŒ,ãƒ©ã‚²ãƒ¼ã‚¸,ã‚¯ãƒ­ãƒ ãƒãƒ¼ãƒ„,ãƒãƒ¬ãƒ³ã‚·ã‚¢ã‚¬,ãƒ´ã‚¡ãƒ¬ãƒ³ãƒ†ã‚£ãƒ,j12,ã‚«ãƒ«ãƒ†ã‚£ã‚¨,ãƒ­ãƒ¬ãƒƒã‚¯ã‚¹,æ™‚è¨ˆ,ãƒ•ã‚§ãƒ³ãƒ‡ã‚£ï¼ƒLV,ãƒ‘ãƒ³ãƒ—ã‚¹",2025-07-01T07:28:37.000Z
DLjom-6Oifm,"ã‚·ãƒ£ãƒãƒ«,ãƒ‘ãƒ­ãƒ‡ã‚£,ãƒ«ãƒ–ã‚¿ãƒ³,dior,ãƒ«ã‚¤ãƒ´ã‚£ãƒˆãƒ³,ãƒ”ãƒ¼ã‚«ãƒ–ãƒ¼,ã‚¢ã‚¯ã‚»ã‚µãƒªãƒ¼,ã‚°ãƒƒãƒ,ã‚µãƒ³ã‚°ãƒ©ã‚¹,é´,ã‚¹ãƒ‹ãƒ¼ã‚«ãƒ¼,ãƒãƒ¼ã‚­ãƒ³,ã‚¨ãƒ«ãƒ¡ã‚¹,ã‚µãƒ³ãƒ­ãƒ¼ãƒ©ãƒ³,ã‚»ãƒªãƒ¼ãƒŒ,ãƒ©ã‚²ãƒ¼ã‚¸,ã‚¯ãƒ­ãƒ ãƒãƒ¼ãƒ„,ãƒãƒ¬ãƒ³ã‚·ã‚¢ã‚¬,ãƒ´ã‚¡ãƒ¬ãƒ³ãƒ†ã‚£ãƒ,j12,ã‚«ãƒ«ãƒ†ã‚£ã‚¨,ãƒ­ãƒ¬ãƒƒã‚¯ã‚¹,æ™‚è¨ˆ,ãƒ•ã‚§ãƒ³ãƒ‡ã‚£ï¼ƒLV,ãƒ‘ãƒ³ãƒ—ã‚¹",2025-07-01T07:28:18.000Z
DLjomWTuyNC,"ã‚·ãƒ£ãƒãƒ«,ãƒ‘ãƒ­ãƒ‡ã‚£,ãƒ«ãƒ–ã‚¿ãƒ³,dior,ãƒ«ã‚¤ãƒ´ã‚£ãƒˆãƒ³,ãƒ”ãƒ¼ã‚«ãƒ–ãƒ¼,ã‚¢ã‚¯ã‚»ã‚µãƒªãƒ¼,ã‚°ãƒƒãƒ,ã‚µãƒ³ã‚°ãƒ©ã‚¹,é´,ã‚¹ãƒ‹ãƒ¼ã‚«ãƒ¼,ãƒãƒ¼ã‚­ãƒ³,ã‚¨ãƒ«ãƒ¡ã‚¹,ã‚µãƒ³ãƒ­ãƒ¼ãƒ©ãƒ³,ã‚»ãƒªãƒ¼ãƒŒ,ãƒ©ã‚²ãƒ¼ã‚¸,ã‚¯ãƒ­ãƒ ãƒãƒ¼ãƒ„,ãƒãƒ¬ãƒ³ã‚·ã‚¢ã‚¬,ãƒ´ã‚¡ãƒ¬ãƒ³ãƒ†ã‚£ãƒ,j12,ã‚«ãƒ«ãƒ†ã‚£ã‚¨,ãƒ­ãƒ¬ãƒƒã‚¯ã‚¹,æ™‚è¨ˆ,ãƒ•ã‚§ãƒ³ãƒ‡ã‚£ï¼ƒLV,ãƒ‘ãƒ³ãƒ—ã‚¹",2025-07-01T07:28:13.000Z
DLjolHbIPpe,"bags,explore,explorepage,iggrowth,instareels,instagrowth,instamood,,trending,trendy,thriftshop,theimportedstore,lv,dior,gucci,puma,nike,miniso,unisex,fashionforeverybody,crossbodybag,wallet,bagpack,vanitybag,pouch,makeupbag,likesforlike,photoofthedday,photography,brands",2025-07-01T07:28:02.000Z
DLjokPwOhHR,"ã‚·ãƒ£ãƒãƒ«,ãƒ‘ãƒ­ãƒ‡ã‚£,ãƒ«ãƒ–ã‚¿ãƒ³,dior,ãƒ«ã‚¤ãƒ´ã‚£ãƒˆãƒ³,ãƒ”ãƒ¼ã‚«ãƒ–ãƒ¼,ã‚¢ã‚¯ã‚»ã‚µãƒªãƒ¼,ã‚°ãƒƒãƒ,ã‚µãƒ³ã‚°ãƒ©ã‚¹,é´,ã‚¹ãƒ‹ãƒ¼ã‚«ãƒ¼,ãƒãƒ¼ã‚­ãƒ³,ã‚¨ãƒ«ãƒ¡ã‚¹,ã‚µãƒ³ãƒ­ãƒ¼ãƒ©ãƒ³,ã‚»ãƒªãƒ¼ãƒŒ,ãƒ©ã‚²ãƒ¼ã‚¸,ã‚¯ãƒ­ãƒ ãƒãƒ¼ãƒ„,ãƒãƒ¬ãƒ³ã‚·ã‚¢ã‚¬,ãƒ´ã‚¡ãƒ¬ãƒ³ãƒ†ã‚£ãƒ,j12,ã‚«ãƒ«ãƒ†ã‚£ã‚¨,ãƒ­ãƒ¬ãƒƒã‚¯ã‚¹,æ™‚è¨ˆ,ãƒ•ã‚§ãƒ³ãƒ‡ã‚£ï¼ƒLV,ãƒ‘ãƒ³ãƒ—ã‚¹",2025-07-01T07:27:55.000Z
DLjojo3Oe60,"ã‚·ãƒ£ãƒãƒ«,ãƒ‘ãƒ­ãƒ‡ã‚£,ãƒ«ãƒ–ã‚¿ãƒ³,dior,ãƒ«ã‚¤ãƒ´ã‚£ãƒˆãƒ³,ãƒ”ãƒ¼ã‚«ãƒ–ãƒ¼,ã‚¢ã‚¯ã‚»ã‚µãƒªãƒ¼,ã‚°ãƒƒãƒ,ã‚µãƒ³ã‚°ãƒ©ã‚¹,é´,ã‚¹ãƒ‹ãƒ¼ã‚«ãƒ¼,ãƒãƒ¼ã‚­ãƒ³,ã‚¨ãƒ«ãƒ¡ã‚¹,ã‚µãƒ³ãƒ­ãƒ¼ãƒ©ãƒ³,ã‚»ãƒªãƒ¼ãƒŒ,ãƒ©ã‚²ãƒ¼ã‚¸,ã‚¯ãƒ­ãƒ ãƒãƒ¼ãƒ„,ãƒãƒ¬ãƒ³ã‚·ã‚¢ã‚¬,ãƒ´ã‚¡ãƒ¬ãƒ³ãƒ†ã‚£ãƒ,j12,ã‚«ãƒ«ãƒ†ã‚£ã‚¨,ãƒ­ãƒ¬ãƒƒã‚¯ã‚¹,æ™‚è¨ˆ,ãƒ•ã‚§ãƒ³ãƒ‡ã‚£ï¼ƒLV,ãƒ‘ãƒ³ãƒ—ã‚¹",2025-07-01T07:27:50.000Z
DLjojIzOoHf,"ã‚·ãƒ£ãƒãƒ«,ãƒ‘ãƒ­ãƒ‡ã‚£,ãƒ«ãƒ–ã‚¿ãƒ³,dior,ãƒ«ã‚¤ãƒ´ã‚£ãƒˆãƒ³,ãƒ”ãƒ¼ã‚«ãƒ–ãƒ¼,ã‚¢ã‚¯ã‚»ã‚µãƒªãƒ¼,ã‚°ãƒƒãƒ,ã‚µãƒ³ã‚°ãƒ©ã‚¹,é´,ã‚¹ãƒ‹ãƒ¼ã‚«ãƒ¼,ãƒãƒ¼ã‚­ãƒ³,ã‚¨ãƒ«ãƒ¡ã‚¹,ã‚µãƒ³ãƒ­ãƒ¼ãƒ©ãƒ³,ã‚»ãƒªãƒ¼ãƒŒ,ãƒ©ã‚²ãƒ¼ã‚¸,ã‚¯ãƒ­ãƒ ãƒãƒ¼ãƒ„,ãƒãƒ¬ãƒ³ã‚·ã‚¢ã‚¬,ãƒ´ã‚¡ãƒ¬ãƒ³ãƒ†ã‚£ãƒ,j12,ã‚«ãƒ«ãƒ†ã‚£ã‚¨,ãƒ­ãƒ¬ãƒƒã‚¯ã‚¹,æ™‚è¨ˆ,ãƒ•ã‚§ãƒ³ãƒ‡ã‚£ï¼ƒLV,ãƒ‘ãƒ³ãƒ—ã‚¹",2025-07-01T07:27:46.000Z
DLjoi1Iu2-z,"ã‚·ãƒ£ãƒãƒ«,ãƒ‘ãƒ­ãƒ‡ã‚£,ãƒ«ãƒ–ã‚¿ãƒ³,dior,ãƒ«ã‚¤ãƒ´ã‚£ãƒˆãƒ³,ãƒ”ãƒ¼ã‚«ãƒ–ãƒ¼,ã‚¢ã‚¯ã‚»ã‚µãƒªãƒ¼,ã‚°ãƒƒãƒ,ã‚µãƒ³ã‚°ãƒ©ã‚¹,é´,ã‚¹ãƒ‹ãƒ¼ã‚«ãƒ¼,ãƒãƒ¼ã‚­ãƒ³,ã‚¨ãƒ«ãƒ¡ã‚¹,ã‚µãƒ³ãƒ­ãƒ¼ãƒ©ãƒ³,ã‚»ãƒªãƒ¼ãƒŒ,ãƒ©ã‚²ãƒ¼ã‚¸,ã‚¯ãƒ­ãƒ ãƒãƒ¼ãƒ„,ãƒãƒ¬ãƒ³ã‚·ã‚¢ã‚¬,ãƒ´ã‚¡ãƒ¬ãƒ³ãƒ†ã‚£ãƒ,j12,ã‚«ãƒ«ãƒ†ã‚£ã‚¨,ãƒ­ãƒ¬ãƒƒã‚¯ã‚¹,æ™‚è¨ˆ,ãƒ•ã‚§ãƒ³ãƒ‡ã‚£ï¼ƒLV,ãƒ‘ãƒ³ãƒ—ã‚¹",2025-07-01T07:27:44.000Z
DLjobhjt188,"marketing,business,branding,digitalmarketing,marketingdigital,socialmedia,entrepreneur,socialmediamarketing,womenempowerment,design,tiktoks,motivation,girlboss,entrepreneurship,ootd,sundayservice,smallbusiness,onlinemarketing,graphicdesign,nailinspo,dior,beverlyhillshotel,brandingdesigns,bossbabequotes,marketingstrategy,socialmediagraphics,marketingtips,bossbabe,beverlyhills",2025-07-01T07:26:44.000Z
DLjnSYYu8_n,,2025-07-01T07:16:45.000Z
DLjmycuOh31,,2025-07-01T07:12:23.000Z
DLjn4hxu-jy,,2025-07-01T07:21:57.000Z
DLjnsFKNrmH,"pepalamarca,pepalamarcahandbags,pepalamarcashowroom,luxuryhandbags,finesthandbags,covetedhandbags,wishlistbags,HermÃ¨s,Chanel,Dior,Louisvuitton,Valentino,privatesales",2025-07-01T07:20:15.000Z
DLjnmtHuZOl,,2025-07-01T07:19:31.000Z
DLjnYKbsvvY,"cannes,cannes2025,june,2025,vacation,summervacation,summer,summertime,trip,france,frenchriviÃ¨ra,cotedazurfrance,dior,carlton,caviar,son,father,together,smile,happy,forever,myeverything,love,purelove,sun,riviera,europe,europeans,europeansummer,czech",2025-07-01T07:17:32.000Z
DLjnPXAuQv2,"jalisco,guadalajara,gdl,querÃ©taro,durango,definejacket,lululemon,lululemonaddict,lululemondefinejacket,lululemondefinejackets,lululemondefineforsale,lululemondefinecdoppedjacket,explorepage,mÃ©xico,puntosur,placiodehierro,gdlmx,gdlyoga,enviosatodomexico,envios,enviosatodomexicoğŸ“¦ğŸ‡²ğŸ‡½âœˆï¸,dior,diorgloss,maquillaje,diormakeup",2025-07-01T07:16:20.000Z
DLjnKSLpr_8,"bike,kawasaki,Ninja,ZX4r,zx4rr,zx6r,zx25r,zx25rindonesia,bikeLife,motogp,MotoLife,Japan,kanagawa,enosima,sunset,sunsetbeach,Canon,44s,eoskiss,eoskissx8i,iphone16pro,ì˜¤í† ë°”ì´,cherry,Dior,NIKE,travis,aj1low,shoei,Tokyo,odaiba",2025-07-01T07:15:38.000Z
DLjnEl_puAm,"å¤§èˆ¹,éŒå€‰,ç¥å¥ˆå·,å¤§èˆ¹å¤ç€å±‹,éŒå€‰å¤ç€å±‹,ç¥å¥ˆå·å¤ç€å±‹,å¤ç€,å¤ç€å±‹,ãƒ¦ãƒ¼ã‚ºãƒ‰,ãƒ“ãƒ³ãƒ†ãƒ¼ã‚¸,used,vintage,vintageclothing,ofuna,kamakura,ancient,ã‚¨ãƒ³ã‚·ã‚§ãƒ³ãƒˆ,å¤ç€å¥½ã,dior",2025-07-01T07:14:52.000Z
DLjnCEBzOmv,"ã‚«ãƒ«ãƒ†ã‚£ã‚¨è²·å–,ãƒ–ãƒ©ãƒ³ãƒ‰,åŸ¼ç‰,è²·å–å¤§å‰ãƒ¤ã‚ªã‚³ãƒ¼åŠ é ˆåº—,è²·å–å¤§å‰,ROLEX,OMEGA,Dior,LOUISVUITTON,CHANEL,HERMES,GUCCI,PRADA,ãƒãƒƒã‚¯ãƒ¬ã‚¹,ãƒ€ã‚¤ãƒ¤,è‰²çŸ³,ãƒ”ã‚¢ã‚¹,ã‚¤ãƒ¤ãƒªãƒ³ã‚°,ãƒªãƒ³ã‚°,ãƒ–ãƒ¬ã‚¹ãƒ¬ãƒƒãƒˆ,ãƒãƒƒã‚°,æ™‚è¨ˆ,è²´é‡‘å±,é‡‘,ã‚´ãƒ¼ãƒ«ãƒ‰,ãƒ—ãƒ©ãƒãƒŠ,ã‚·ãƒ«ãƒãƒ¼,æŸ»å®š,å‡ºå¼µè²·å–",2025-07-01T07:14:31.000Z
DLjm9vqhffW,"dior,tshirt,premium",2025-07-01T07:13:56.000Z
DLjmyzFyy7Z,,2025-07-01T07:12:26.000Z
DLjmvvuyV5Z,,2025-07-01T07:12:01.000Z
DLjms1kyAE8,,2025-07-01T07:11:37.000Z
DLjmqpktVeM,"makeupproducts,diormakeup,dior",2025-07-01T07:11:19.000Z
DLjmpFgy-iF,,2025-07-01T07:11:06.000Z
DLjmnLWCL8E,"dior,diorbackstage,rosyglow,blushstick,reklam",2025-07-01T07:10:51.000Z
DLjmlRVSuSq,,2025-07-01T07:10:35.000Z
DLjmhg_KM_Y,"jordan1high,dior",2025-07-01T07:10:05.000Z
DLjmg_hyeBR,,2025-07-01T07:10:00.000Z
DLjmcwTyQYA,,2025-07-01T07:09:25.000Z
DLjmZ5qygxy,,2025-07-01T07:09:02.000Z
DLjmSdwzMrf,"louisvuitton,chanel,dior,rolex,ãƒ«ã‚¤ãƒ´ã‚£ãƒˆãƒ³,ã‚·ãƒ£ãƒãƒ«,ãƒ‡ã‚£ã‚ªãƒ¼ãƒ«,ãƒ­ãƒ¬ãƒƒã‚¯ã‚¹,ãƒ©ã‚¤ã‚¿ãƒ¼,ãƒãƒƒã‚°,æ™‚è¨ˆ,è²¡å¸ƒ,ã‚¸ãƒ¥ã‚¨ãƒªãƒ¼,ãƒãƒƒã‚¯ãƒ¬ã‚¹,æŒ‡è¼ª,ãƒ€ã‚¤ã‚¢ãƒ¢ãƒ³ãƒ‰,è‰²çŸ³,ã‚«ãƒ¡ãƒ©,åˆ‡æ‰‹,é‡‘åˆ¸,ãƒ†ãƒ¬ãƒ›ãƒ³ã‚«ãƒ¼ãƒ‰,ã‚³ã‚¤ãƒ³,è¨˜å¿µã‚³ã‚¤ãƒ³,è²·å–å¤§å‰,è²·å–,ç„¡æ–™æŸ»å®š,è²·å–æŸ»å®š,ãŠèŠ±èŒ¶å±‹,ãŠèŠ±èŒ¶å±‹ã‚°ãƒ«ãƒ¡",2025-07-01T07:08:01.000Z
DLjmSVHyvr5,"repost,Dior,DiorEyewear,DiorSunglasses,DiorThailand,KTOptic,CentralRama2,Eyelinkvision",2025-07-01T07:08:00.000Z
DLjmKkGv7va,"MilePhakphum,MilexDior,DiorxMile,DiorSummer,DiorSummer26,Dior,StarsinDior,DiorMen,DiorFashion,DiorThai,DiorHomme,LVMH,jonathananderson,Diorbyjonathananderson,pfw,FashionWeek,ParisFashionWeek,FashionWeekParis,MilexDiorSummer26,DiorPFW26,DiorSummer26xMileâ €â €,StarsinDiorxMile",2025-07-01T07:06:56.000Z
DLjmIuapvWa,"Repost,NYLONæ²¢,å‰æ²¢äº®,DIOR,nylonjapan,nylonjp,caelumjp",2025-07-01T07:06:41.000Z
DLjmH-bP3ZL,"MilePhakphum,MilexDior,DiorxMile,DiorSummer,DiorSummer26,Dior,StarsinDior,DiorMen,DiorFashion,DiorThai,DiorHomme,LVMH,jonathananderson,Diorbyjonathananderson,pfw,FashionWeek,ParisFashionWeek,FashionWeekParis,MilexDiorSummer26,DiorPFW26,DiorSummer26xMileâ €â €,StarsinDiorxMile",2025-07-01T07:06:35.000Z
DLjmFbGvnAf,"MilePhakphum,MilexDior,DiorxMile,DiorSummer,DiorSummer26,Dior,StarsinDior,DiorMen,DiorFashion,DiorThai,DiorHomme,LVMH,jonathananderson,Diorbyjonathananderson,pfw,FashionWeek,ParisFashionWeek,FashionWeekParis,MilexDiorSummer26,DiorPFW26,DiorSummer26xMileâ €â €,StarsinDiorxMile",2025-07-01T07:06:14.000Z
DLjmDQ2t94Z,"rome,cruiseshow,dior,DiorCruise,DiorSavoirFaire.",2025-07-01T07:05:57.000Z
DLjmC9BPG7L,"MilePhakphum,MilexDior,DiorxMile,DiorSummer,DiorSummer26,Dior,StarsinDior,DiorMen,DiorFashion,DiorThai,DiorHomme,LVMH,jonathananderson,Diorbyjonathananderson,pfw,FashionWeek,ParisFashionWeek,FashionWeekParis,MilexDiorSummer26,DiorPFW26,DiorSummer26xMileâ €â €,StarsinDiorxMile",2025-07-01T07:05:54.000Z
DLjlwfwCjZP,"Dior,diorbackstage,lipglow,reklÃ¡m",2025-07-01T07:03:23.000Z
DLitwnZIuXH,"Elegant,,Important,,Glam,,style,,famous,class.,Notoriety.,Chioggia,,Venezia,,Work.,Passion,LouisVuitton,,Hermes,,Dior,,Prada,,Bvlgari,,Cartier,,Yvesaintlaurent,,Zadig&Voltaire,tomford",2025-06-30T22:54:04.000Z
DLjmAewPSxk,"MilePhakphum,MilexDior,DiorxMile,DiorSummer,DiorSummer26,Dior,StarsinDior,DiorMen,DiorFashion,DiorThai,DiorHomme,LVMH,jonathananderson,Diorbyjonathananderson,pfw,FashionWeek,ParisFashionWeek,FashionWeekParis,MilexDiorSummer26,DiorPFW26,DiorSummer26xMileâ €â €,StarsinDiorxMile",2025-07-01T07:05:34.000Z
DLjl_ZGTwne,"lifestyle,instafit,like,goodtimes,gucci,dior,explorepageâœ¨,gamer",2025-07-01T07:05:25.000Z
DLjlrlYzi3M,"MilePhakphum,dior,diorsummer26,diormen,StarsinDior,LVMH,diorxmile,ParisFashionWeek,mileapo,JonathanAnderson,PFW,DiorDesignerofDream,MileApoflytoDiorSummer26,MileApoDiorSummer26,Diorsummer26xmile,diorbyjonathananderson,WarholFoundation",2025-07-01T07:02:43.000Z
DLjlmKoTlrM,"MilePhakphum,dior,diorsummer26,diormen,StarsinDior,LVMH,diorxmile,ParisFashionWeek,mileapo,JonathanAnderson,PFW,DiorDesignerofDream,MileApoflytoDiorSummer26,MileApoDiorSummer26,Diorsummer26xmile,diorbyjonathananderson,WarholFoundation",2025-07-01T07:01:58.000Z
DLjlkDUzgWp,"MilePhakphum,dior,diorsummer26,diormen,StarsinDior,LVMH,diorxmile,ParisFashionWeek,mileapo,JonathanAnderson,PFW,DiorDesignerofDream,MileApoflytoDiorSummer26,MileApoDiorSummer26,Diorsummer26xmile,diorbyjonathananderson,WarholFoundation",2025-07-01T07:01:41.000Z
DLjlcpaqpew,"kings17,mas24karat,jualan,kalung,kalungemas,perhiasan,tokoemas,necklace,liontin,gelang,gelangkeroncong,rosegold,dior,liontindior,ubs,logammulia,antam,ubsgold,indonesiajewelry,like4like,instajewelry,followme,followforfollow,igers,instalike",2025-07-01T07:00:46.000Z
DLjlcbbM-L_,"dior,lacecraft,sapphirebrode,coutureelegance,brodetasarÄ±m,zarafet,fashionart,runwaystyle,timelessdesign",2025-07-01T07:00:39.000Z
DLjlacCTt6h,"àºà»‰àº­àº¡àºªàº»à»ˆàº‡,àºàº°à»€àº›àº»à»ˆàº²,hermes,chanel,lyn,Gucci,dior,CK,Louis,coach",2025-07-01T07:00:22.000Z
DLjlZ1CO9F_,"needforcloutğŸ¤ª,thisisntskateboarding,latteshuv,photodump,dior,explorepage,yop",2025-07-01T07:00:17.000Z
DLjlUOPTf7W,"dáº­ymakeupchuyennghiep,chá»¥panhcodau,chá»¥pdoanhnhan,dáº­ymakeupcanhan,lovemakeup,dior,chanel,nyx,ysl,gucci,luxury,diamol,makeup,dáº­ytrangdiem,báº¯cgiang",2025-07-01T06:59:31.000Z
DLjlTaeT5qT,"nssmagazine,DiorSummer26,WarholFoundation,ApoNattawin,diorsummer26xapo,Diorxapo,StarsinDior,JonathanAnderson,parisfashionweek,PFW,Dior,LVMH,diorfashion,apo,apo555,apocolleagues,nnattawin",2025-07-01T06:59:25.000Z
DLjlQCztRsz,"parfum,parfem,ysl,pacorabanne,burberry,joop,dior,fragrancia,parfumforman,parfumformen,parfumforhim",2025-07-01T06:58:57.000Z
DLjlD3TpDDP,"dior,diorsummer26,ì—°ì¤€,YEONJUN,ãƒ¨ãƒ³ã‚¸ãƒ¥ãƒ³,íˆ¬ëª¨ë¡œìš°ë°”ì´íˆ¬ê²Œë”,TXT,ãƒˆã‚¥ãƒ,TOMORROW_X_TOGETHER,ãƒ¨ãƒ³ã‚¸ãƒ¥ãƒ³ãƒšãƒ³,MOA,å¤§äººMOA",2025-07-01T06:57:17.000Z
DLjlDUpy62e,"IFCHICPopCulture,Dior",2025-07-01T06:57:14.000Z
DLjlBVUBzyo,"æä½©ç²,leepeiling,dioriviera,dior",2025-07-01T06:56:56.000Z
DLjk72YTu5Z,"empty,empties,ç©ºç©ºè³,ç©ºç“¶è¨˜,è­·è†šåˆ†äº«,diane,canmake,thesaem,etude,thebodyshop,dior,osm,neutrogena,holikaholika,beautybloger,hkbeautyblogger",2025-07-01T06:56:12.000Z
DLjksHEqi8h,"dior,jonathananderson,Diornassance",2025-07-01T06:54:03.000Z
DLjki4TuBO0,"luxuryfix,modi,LV,BV,chanel,gucci,hermes,Dior,çš®é©ç¶­ä¿®,æ‰‹è¢‹ç¿»æ–°,æ‰‹è¢‹æŸ“è‰²,æ‰‹è¢‹ç¶­ä¿®,åŒ…åŒ…ä»£è³¼,çš®å…·ç¶­ä¿®,ç¿»æ–°æ‰‹è¢‹,æ‰‹è¢‹è£œè‰²,ç¶­ä¿®æ‰‹è¢‹,ä¸­å¤è¢‹,åç‰Œç¶­ä¿®,bagrepair,é›»éç¿»æ–°,æ‰‹è¢‹æ¸…æ´—,æ—¥æœ¬ä¸­å¤åç‰Œ,hkfoodlover,hkvintage,äº”é‡‘ç¶­ä¿®,hkig,åç‰Œä»£è³¼,ç„¡æ•µçš®è—",2025-07-01T06:52:47.000Z
DLjkiD8z2Sa,"MilePhakphum,MilexDior,DiorxMile,DiorSummer,DiorSummer26,Dior,StarsinDior,DiorMen,DiorFashion,DiorThai,DiorHomme,LVMH,jonathananderson,Diorbyjonathananderson,pfw,FashionWeek,ParisFashionWeek,FashionWeekParis,MilexDiorSummer26,DiorPFW26,DiorSummer26xMileâ €â €,StarsinDiorxMile",2025-07-01T06:52:40.000Z
DLjkftMTS11,"MilePhakphum,MilexDior,DiorxMile,DiorSummer,DiorSummer26,Dior,StarsinDior,DiorMen,DiorFashion,DiorThai,DiorHomme,LVMH,jonathananderson,Diorbyjonathananderson,pfw,FashionWeek,ParisFashionWeek,FashionWeekParis,MilexDiorSummer26,DiorPFW26,DiorSummer26xMileâ €â €,StarsinDiorxMile",2025-07-01T06:52:21.000Z
